{"properties": {
    "VARIABLE_HEAP_SIZE": {
        "type": "INTEGER",
        "value": 4096
    },
    "ENABLE_CHECKBOX_WIDGET": {
        "type": "BOOLEAN",
        "value": true
    },
    "ENABLE_IMAGESEQUENCE_WIDGET": {
        "type": "BOOLEAN",
        "value": true
    },
    "ENABLE_BARGRAPH_WIDGET": {
        "type": "BOOLEAN",
        "value": true
    },
    "FIXED_HEAP_SIZE_256": {
        "type": "INTEGER",
        "value": 24
    },
    "ENABLE_FIXED_HEAP": {
        "type": "BOOLEAN",
        "value": true
    },
    "ENABLE_SLIDER_WIDGET": {
        "type": "BOOLEAN",
        "value": true
    },
    "ENABLE_AUTO_WIDGET_SELECTION": {
        "type": "BOOLEAN",
        "value": true
    },
    "ENABLE_DRAWSURFACE_WIDGET": {
        "type": "BOOLEAN",
        "value": true
    },
    "ENABLE_GROUPBOX_WIDGET": {
        "type": "BOOLEAN",
        "value": true
    },
    "GRID_COLOR": {
        "type": "INTEGER",
        "value": 2138552974
    },
    "INPUT_ORIENTATION": {
        "type": "INTEGER",
        "value": 0
    },
    "FIXED_HEAP_SIZE_128": {
        "type": "INTEGER",
        "value": 32
    },
    "SCREEN_HEIGHT": {
        "type": "INTEGER",
        "value": 272
    },
    "PROJECT_COLOR_MODE": {
        "type": "TEXT",
        "value": "RGB_565"
    },
    "SCRATCH_BUFFER_SIZE": {
        "type": "INTEGER",
        "value": 16
    },
    "ENABLE_LISTWHEEL_WIDGET": {
        "type": "BOOLEAN",
        "value": true
    },
    "GENERATE_USE_AUTOMATIC_NAME": {
        "type": "BOOLEAN",
        "value": false
    },
    "LIBRARY_LAYER_COUNT": {
        "type": "INTEGER",
        "value": 1
    },
    "ENABLE_WINDOW_WIDGET": {
        "type": "BOOLEAN",
        "value": true
    },
    "ENABLE_LINE_WIDGET": {
        "type": "BOOLEAN",
        "value": true
    },
    "INFO_TOGGLED": {
        "type": "BOOLEAN",
        "value": true
    },
    "IMAGE_CACHE_SIZE": {
        "type": "INTEGER",
        "value": 128
    },
    "ENABLE_IMAGE_BLEND_CACHE": {
        "type": "BOOLEAN",
        "value": false
    },
    "ASSERT_ENABLE": {
        "type": "BOOLEAN",
        "value": false
    },
    "ENABLE_RADIOBUTTON_WIDGET": {
        "type": "BOOLEAN",
        "value": true
    },
    "CLIP_TOGGLED": {
        "type": "BOOLEAN",
        "value": false
    },
    "ENABLE_TEXTFIELD_WIDGET": {
        "type": "BOOLEAN",
        "value": true
    },
    "CANVAS_HEIGHT": {
        "type": "INTEGER",
        "value": 400
    },
    "ENABLE_SCROLLBAR_WIDGET": {
        "type": "BOOLEAN",
        "value": true
    },
    "ENABLE_DEBUG_ALLOCATOR": {
        "type": "BOOLEAN",
        "value": false
    },
    "ENABLE_ALPHA_BLENDING": {
        "type": "BOOLEAN",
        "value": true
    },
    "FIXED_HEAP_SIZE_32": {
        "type": "INTEGER",
        "value": 96
    },
    "SNAP_TOGGLED": {
        "type": "BOOLEAN",
        "value": false
    },
    "CANVAS_WIDTH": {
        "type": "INTEGER",
        "value": 400
    },
    "ENABLE_EXTERNAL_MEDIA": {
        "type": "BOOLEAN",
        "value": false
    },
    "ENABLE_CIRCLE_WIDGET": {
        "type": "BOOLEAN",
        "value": true
    },
    "ENABLE_KEYPAD_WIDGET": {
        "type": "BOOLEAN",
        "value": true
    },
    "FONT_CACHE_SIZE": {
        "type": "INTEGER",
        "value": 256
    },
    "ENABLE_PIECHART_WIDGET": {
        "type": "BOOLEAN",
        "value": true
    },
    "ENABLE_TOUCHTEST_WIDGET": {
        "type": "BOOLEAN",
        "value": true
    },
    "PREVIEW_LANGUAGE": {
        "type": "INTEGER",
        "value": 0
    },
    "ENABLE_RECTANGLE_WIDGET": {
        "type": "BOOLEAN",
        "value": true
    },
    "ENABLE_ALLOC_TRACKING": {
        "type": "BOOLEAN",
        "value": false
    },
    "FIXED_HEAP_SIZE_196": {
        "type": "INTEGER",
        "value": 48
    },
    "GRID_X": {
        "type": "INTEGER",
        "value": 10
    },
    "INCLUDE_1BPP_FONT": {
        "type": "BOOLEAN",
        "value": false
    },
    "ENABLE_IMAGE_DECODE_CACHE": {
        "type": "BOOLEAN",
        "value": false
    },
    "FIXED_HEAP_SIZE_64": {
        "type": "INTEGER",
        "value": 96
    },
    "SCREEN_WIDTH": {
        "type": "INTEGER",
        "value": 480
    },
    "ENABLE_ALLOC_ZEROIZE": {
        "type": "BOOLEAN",
        "value": false
    },
    "GENERATE_PATH": {
        "type": "TEXT",
        "value": ""
    },
    "VARIABLE_HEAP_DEBUG_LEVEL": {
        "type": "INTEGER",
        "value": 0
    },
    "VARIABLE_HEAP_USE_BEST_FIT": {
        "type": "BOOLEAN",
        "value": true
    },
    "ZOOM_LEVEL": {
        "type": "INTEGER",
        "value": 1
    },
    "ENABLE_ARC_WIDGET": {
        "type": "BOOLEAN",
        "value": true
    },
    "ENABLE_INPUT_HANDLING": {
        "type": "BOOLEAN",
        "value": false
    },
    "GENERATE_NAME": {
        "type": "TEXT",
        "value": ""
    },
    "ENABLE_CIRCULARGAUGE_WIDGET": {
        "type": "BOOLEAN",
        "value": true
    },
    "ENABLE_LINEGRAPH_WIDGET": {
        "type": "BOOLEAN",
        "value": true
    },
    "ENABLE_IMAGE_LOOKUP_CACHE": {
        "type": "BOOLEAN",
        "value": false
    },
    "GRID_Y": {
        "type": "INTEGER",
        "value": 10
    },
    "GRID_TOGGLED": {
        "type": "BOOLEAN",
        "value": true
    },
    "ENABLE_INPUT_CODE_GENERATION": {
        "type": "BOOLEAN",
        "value": false
    },
    "ENABLE_GRADIENT_WIDGET": {
        "type": "BOOLEAN",
        "value": true
    },
    "ENABLE_LABEL_WIDGET": {
        "type": "BOOLEAN",
        "value": true
    },
    "ENABLE_CIRCULARSLIDER_WIDGET": {
        "type": "BOOLEAN",
        "value": true
    },
    "ENABLE_IMAGE_WIDGET": {
        "type": "BOOLEAN",
        "value": true
    },
    "FIXED_HEAP_SIZE_16": {
        "type": "INTEGER",
        "value": 300
    },
    "PREEMPTION_LEVEL": {
        "type": "INTEGER",
        "value": 0
    },
    "INCLUDE_8BPP_FONT": {
        "type": "BOOLEAN",
        "value": true
    },
    "ENABLE_PROGRESSBAR_WIDGET": {
        "type": "BOOLEAN",
        "value": true
    },
    "ENABLE_BUTTON_WIDGET": {
        "type": "BOOLEAN",
        "value": true
    },
    "FIXED_HEAP_ENABLE_DEBUG": {
        "type": "BOOLEAN",
        "value": false
    },
    "ENABLE_IMAGE_MASK_CACHE": {
        "type": "BOOLEAN",
        "value": false
    },
    "ENABLE_LIST_WIDGET": {
        "type": "BOOLEAN",
        "value": true
    }
}}