{
    "defaultLanguage": 0,
    "stringTree": {"root": []},
    "languages": [
        {
            "name": "English",
            "enabled": true
        },
        {
            "name": "Chinese",
            "enabled": true
        }
    ],
    "strings": [
        {
            "folder": "/",
            "strings": [
                "direct blit uncompressed RAW",
                "???Direct Blit????????RAW??"
            ],
            "name": "DrawDirectBlit"
        },
        {
            "folder": "/",
            "strings": [
                "draw JPEG compressed",
                "????????????JPEG????"
            ],
            "name": "DrawJpeg"
        },
        {
            "folder": "/",
            "strings": [
                "draw PNG compressed",
                "????????????PNG????"
            ],
            "name": "DrawPNG"
        },
        {
            "folder": "/",
            "strings": [
                "draw RLE compressed",
                "????????????RLE????"
            ],
            "name": "DrawRLE"
        },
        {
            "folder": "/",
            "strings": [
                "draw uncompressed RAW",
                "???????????????RAW??"
            ],
            "name": "DrawRaw"
        },
        {
            "folder": "/",
            "strings": [
                "image from SQI",
                ""
            ],
            "name": "ImageFromExternal"
        },
        {
            "folder": "/",
            "strings": [
                "Direct Blit RAW Image",
                "?????RAW??"
            ],
            "name": "ImageIsDirectBlit"
        },
        {
            "folder": "/",
            "strings": [
                "JPEG Image",
                "JPEG????"
            ],
            "name": "ImageIsJPEG"
        },
        {
            "folder": "/",
            "strings": [
                "PNG Image",
                "PNG????"
            ],
            "name": "ImageIsPNG"
        },
        {
            "folder": "/",
            "strings": [
                "RAW+RLE Image",
                "RAW+RLE????"
            ],
            "name": "ImageIsRLE"
        },
        {
            "folder": "/",
            "strings": [
                "Uncompressed RAW Image",
                "???RAW??"
            ],
            "name": "ImageIsRaw"
        },
        {
            "folder": "/",
            "strings": [
                "Press to",
                ""
            ],
            "name": "PressButton"
        },
        {
            "folder": "/",
            "strings": [
                "Press To Load External Assets",
                "???????"
            ],
            "name": "PressToMainScreen"
        },
        {
            "folder": "/",
            "strings": [
                "Press the image to change the language\\n and retrieve externally stored glyphs",
                "?????????????????"
            ],
            "name": "TitleString"
        },
        {
            "folder": "/",
            "strings": [
                "Please connect 'Target USB' to PC.\\nConfirm files 'Images.bin', 'Fonts1.bin' and 'Fonts2.bin' exist.\\nFormat drive and copy files if necessary.",
                "??\u201c??USB\u201d???PC? \\n????'Images.bin'?'Fonts1.bin'?'Fonts2.bin'??? \\n???????????????"
            ],
            "name": "WaitForUSB"
        },
        {
            "folder": "/",
            "strings": [
                "??\u201c??USB\u201d???PC? \\n????'Images.bin'?'Fonts1.bin'?'Fonts2.bin'??? \\n???????????????",
                "Please connect 'Target USB' to PC.\\nConfirm files 'Images.bin', 'Fonts1.bin' and 'Fonts2.bin' exist.\\nFormat drive and copy files if necessary."
            ],
            "name": "WaitForUSBAlt"
        }
    ],
    "encoding": "UTF16"
}