{"defaultLanguage":0,"stringTree":{"root":[]},"languages":[{"name":"English","enabled":true},{"name":"Chinese","enabled":true}],"strings":[{"folder":"/","strings":["direct blit uncompressed RAW","按钮可Direct Blit外部存储的未压缩RAW图像"],"name":"DrawDirectBlit"},{"folder":"/","strings":["draw JPEG compressed","按此按钮可重绘外部存储的JPEG压缩图像"],"name":"DrawJpeg"},{"folder":"/","strings":["draw PNG compressed","按此按钮可重绘外部存储的PNG压缩图像"],"name":"DrawPNG"},{"folder":"/","strings":["draw RLE compressed","按此按钮可重绘外部存储的RLE压缩图像"],"name":"DrawRLE"},{"folder":"/","strings":["draw uncompressed RAW","按此按钮可重绘外部存储的未压缩RAW图像"],"name":"DrawRaw"},{"folder":"/","strings":["image from SQI",""],"name":"ImageFromExternal"},{"folder":"/","strings":["Direct Blit RAW Image","快画未压缩RAW图像"],"name":"ImageIsDirectBlit"},{"folder":"/","strings":["JPEG Image","JPEG压缩图像"],"name":"ImageIsJPEG"},{"folder":"/","strings":["PNG Image","PNG压缩图像"],"name":"ImageIsPNG"},{"folder":"/","strings":["RAW+RLE Image","RAW+RLE压缩图像"],"name":"ImageIsRLE"},{"folder":"/","strings":["Uncompressed RAW Image","未压缩RAW图像"],"name":"ImageIsRaw"},{"folder":"/","strings":["Press to",""],"name":"PressButton"},{"folder":"/","strings":["Press To Load External Assets","按加载外部资产"],"name":"PressToMainScreen"},{"folder":"/","strings":["Press the image to change the language\\n and retrieve externally stored glyphs","按图片更改语言并检索外部存储的字形"],"name":"TitleString"},{"folder":"/","strings":["Please connect 'Target USB' to PC.\\nConfirm files 'Images.bin', 'Fonts1.bin' and 'Fonts2.bin' exist.\\nFormat drive and copy files if necessary.","请将\u201c目标USB\u201d连接到PC。 \\n确认文件'Images.bin'，'Fonts1.bin'和'Fonts2.bin'存在。 \\n如果需要，可以驱动和复制文件。"],"name":"WaitForUSB"},{"folder":"/","strings":["请将\u201c目标USB\u201d连接到PC。 \\n确认文件'Images.bin'，'Fonts1.bin'和'Fonts2.bin'存在。 \\n如果需要，可以驱动和复制文件。","Please connect 'Target USB' to PC.\\nConfirm files 'Images.bin', 'Fonts1.bin' and 'Fonts2.bin' exist.\\nFormat drive and copy files if necessary."],"name":"WaitForUSBAlt"}],"encoding":"UTF16"}