{
    "defaultScheme": "defaultScheme",
    "schemes": [{
        "name": "DefaultScheme",
        "properties": {
            "ForegroundInactive": {
                "Red": {
                    "type": "FLOAT",
                    "value": 0.8392157
                },
                "Palette": {
                    "type": "INTEGER",
                    "value": 254
                },
                "Gray": {
                    "type": "FLOAT",
                    "value": 0.88049024
                },
                "Blue": {
                    "type": "FLOAT",
                    "value": 0.90588236
                },
                "Alpha": {
                    "type": "FLOAT",
                    "value": 1
                },
                "Green": {
                    "type": "FLOAT",
                    "value": 0.8901961
                }
            },
            "TextHighlight": {
                "Red": {
                    "type": "FLOAT",
                    "value": 0
                },
                "Palette": {
                    "type": "INTEGER",
                    "value": 12
                },
                "Gray": {
                    "type": "FLOAT",
                    "value": 0.0722
                },
                "Blue": {
                    "type": "FLOAT",
                    "value": 1
                },
                "Alpha": {
                    "type": "FLOAT",
                    "value": 1
                },
                "Green": {
                    "type": "FLOAT",
                    "value": 0
                }
            },
            "Highlight": {
                "Red": {
                    "type": "FLOAT",
                    "value": 0.78431374
                },
                "Palette": {
                    "type": "INTEGER",
                    "value": 252
                },
                "Gray": {
                    "type": "FLOAT",
                    "value": 0.8101491
                },
                "Blue": {
                    "type": "FLOAT",
                    "value": 0.83137256
                },
                "Alpha": {
                    "type": "FLOAT",
                    "value": 1
                },
                "Green": {
                    "type": "FLOAT",
                    "value": 0.8156863
                }
            },
            "HighlightLight": {
                "Red": {
                    "type": "FLOAT",
                    "value": 1
                },
                "Palette": {
                    "type": "INTEGER",
                    "value": 15
                },
                "Gray": {
                    "type": "FLOAT",
                    "value": 1
                },
                "Blue": {
                    "type": "FLOAT",
                    "value": 1
                },
                "Alpha": {
                    "type": "FLOAT",
                    "value": 1
                },
                "Green": {
                    "type": "FLOAT",
                    "value": 1
                }
            },
            "ShadowDark": {
                "Red": {
                    "type": "FLOAT",
                    "value": 0.2509804
                },
                "Palette": {
                    "type": "INTEGER",
                    "value": 237
                },
                "Gray": {
                    "type": "FLOAT",
                    "value": 0.2509804
                },
                "Blue": {
                    "type": "FLOAT",
                    "value": 0.2509804
                },
                "Alpha": {
                    "type": "FLOAT",
                    "value": 1
                },
                "Green": {
                    "type": "FLOAT",
                    "value": 0.2509804
                }
            },
            "ForegroundDisabled": {
                "Red": {
                    "type": "FLOAT",
                    "value": 0.5019608
                },
                "Palette": {
                    "type": "INTEGER",
                    "value": 8
                },
                "Gray": {
                    "type": "FLOAT",
                    "value": 0.5019608
                },
                "Blue": {
                    "type": "FLOAT",
                    "value": 0.5019608
                },
                "Alpha": {
                    "type": "FLOAT",
                    "value": 1
                },
                "Green": {
                    "type": "FLOAT",
                    "value": 0.5019608
                }
            },
            "Background": {
                "Red": {
                    "type": "FLOAT",
                    "value": 1
                },
                "Palette": {
                    "type": "INTEGER",
                    "value": 15
                },
                "Gray": {
                    "type": "FLOAT",
                    "value": 1
                },
                "Blue": {
                    "type": "FLOAT",
                    "value": 1
                },
                "Alpha": {
                    "type": "FLOAT",
                    "value": 1
                },
                "Green": {
                    "type": "FLOAT",
                    "value": 1
                }
            },
            "TextHighlightText": {
                "Red": {
                    "type": "FLOAT",
                    "value": 1
                },
                "Palette": {
                    "type": "INTEGER",
                    "value": 15
                },
                "Gray": {
                    "type": "FLOAT",
                    "value": 1
                },
                "Blue": {
                    "type": "FLOAT",
                    "value": 1
                },
                "Alpha": {
                    "type": "FLOAT",
                    "value": 1
                },
                "Green": {
                    "type": "FLOAT",
                    "value": 1
                }
            },
            "Shadow": {
                "Red": {
                    "type": "FLOAT",
                    "value": 0.5019608
                },
                "Palette": {
                    "type": "INTEGER",
                    "value": 8
                },
                "Gray": {
                    "type": "FLOAT",
                    "value": 0.5019608
                },
                "Blue": {
                    "type": "FLOAT",
                    "value": 0.5019608
                },
                "Alpha": {
                    "type": "FLOAT",
                    "value": 1
                },
                "Green": {
                    "type": "FLOAT",
                    "value": 0.5019608
                }
            },
            "BackgroundDisabled": {
                "Red": {
                    "type": "FLOAT",
                    "value": 0.78431374
                },
                "Palette": {
                    "type": "INTEGER",
                    "value": 252
                },
                "Gray": {
                    "type": "FLOAT",
                    "value": 0.8101491
                },
                "Blue": {
                    "type": "FLOAT",
                    "value": 0.83137256
                },
                "Alpha": {
                    "type": "FLOAT",
                    "value": 1
                },
                "Green": {
                    "type": "FLOAT",
                    "value": 0.8156863
                }
            },
            "Text": {
                "Red": {
                    "type": "FLOAT",
                    "value": 0
                },
                "Palette": {
                    "type": "INTEGER",
                    "value": 0
                },
                "Gray": {
                    "type": "FLOAT",
                    "value": 0
                },
                "Blue": {
                    "type": "FLOAT",
                    "value": 0
                },
                "Alpha": {
                    "type": "FLOAT",
                    "value": 1
                },
                "Green": {
                    "type": "FLOAT",
                    "value": 0
                }
            },
            "BackgroundInactive": {
                "Red": {
                    "type": "FLOAT",
                    "value": 0.8392157
                },
                "Palette": {
                    "type": "INTEGER",
                    "value": 254
                },
                "Gray": {
                    "type": "FLOAT",
                    "value": 0.88049024
                },
                "Blue": {
                    "type": "FLOAT",
                    "value": 0.90588236
                },
                "Alpha": {
                    "type": "FLOAT",
                    "value": 1
                },
                "Green": {
                    "type": "FLOAT",
                    "value": 0.8901961
                }
            },
            "Base": {
                "Red": {
                    "type": "FLOAT",
                    "value": 1
                },
                "Palette": {
                    "type": "INTEGER",
                    "value": 252
                },
                "Gray": {
                    "type": "FLOAT",
                    "value": 0.8101491
                },
                "Blue": {
                    "type": "FLOAT",
                    "value": 1
                },
                "Alpha": {
                    "type": "FLOAT",
                    "value": 1
                },
                "Green": {
                    "type": "FLOAT",
                    "value": 1
                }
            },
            "Name": {
                "type": "TEXT",
                "value": "DefaultScheme"
            },
            "Foreground": {
                "Red": {
                    "type": "FLOAT",
                    "value": 0
                },
                "Palette": {
                    "type": "INTEGER",
                    "value": 0
                },
                "Gray": {
                    "type": "FLOAT",
                    "value": 0
                },
                "Blue": {
                    "type": "FLOAT",
                    "value": 0
                },
                "Alpha": {
                    "type": "FLOAT",
                    "value": 1
                },
                "Green": {
                    "type": "FLOAT",
                    "value": 0
                }
            },
            "TextDisabled": {
                "Red": {
                    "type": "FLOAT",
                    "value": 0.54901963
                },
                "Palette": {
                    "type": "INTEGER",
                    "value": 244
                },
                "Gray": {
                    "type": "FLOAT",
                    "value": 0.56811297
                },
                "Blue": {
                    "type": "FLOAT",
                    "value": 0.5803922
                },
                "Alpha": {
                    "type": "FLOAT",
                    "value": 1
                },
                "Green": {
                    "type": "FLOAT",
                    "value": 0.57254905
                }
            },
            "TextInactive": {
                "Red": {
                    "type": "FLOAT",
                    "value": 0.8392157
                },
                "Palette": {
                    "type": "INTEGER",
                    "value": 254
                },
                "Gray": {
                    "type": "FLOAT",
                    "value": 0.88049024
                },
                "Blue": {
                    "type": "FLOAT",
                    "value": 0.90588236
                },
                "Alpha": {
                    "type": "FLOAT",
                    "value": 1
                },
                "Green": {
                    "type": "FLOAT",
                    "value": 0.8901961
                }
            }
        }
    }]
}