{
    "bindings": [
        {
            "font": "{59fceec2-3b9f-42d7-95bc-c6a2406b9f95}",
            "language": "{c85f93fa-7d38-405b-838c-2051d3f8ffeb}",
            "string": "{161937b1-61d6-44a0-acf4-f82165f2da8d}"
        },
        {
            "font": "{59fceec2-3b9f-42d7-95bc-c6a2406b9f95}",
            "language": "{c85f93fa-7d38-405b-838c-2051d3f8ffeb}",
            "string": "{4f1d9680-6ae4-4f3b-8633-650efd90b816}"
        },
        {
            "font": "{59fceec2-3b9f-42d7-95bc-c6a2406b9f95}",
            "language": "{c85f93fa-7d38-405b-838c-2051d3f8ffeb}",
            "string": "{80355ae7-5fb2-4326-af8a-a75df083e71f}"
        }
    ],
    "defaultLanguage": "{c85f93fa-7d38-405b-838c-2051d3f8ffeb}",
    "encoding": "ASCII",
    "languages": [
        {
            "properties": {
                "__categories": [
                ],
                "__groups": [
                ],
                "enabled": {
                    "enabled": true,
                    "type": "boolean",
                    "value": true,
                    "visible": true
                },
                "id": {
                    "enabled": true,
                    "type": "uuid",
                    "value": "{c85f93fa-7d38-405b-838c-2051d3f8ffeb}",
                    "visible": true
                },
                "name": {
                    "enabled": true,
                    "type": "text",
                    "value": "default",
                    "visible": true
                }
            }
        }
    ],
    "paths": [
    ],
    "strings": [
        {
            "properties": {
                "__categories": [
                ],
                "__groups": [
                ],
                "description": {
                    "enabled": true,
                    "type": "text",
                    "value": "",
                    "visible": true
                },
                "id": {
                    "enabled": true,
                    "type": "uuid",
                    "value": "{161937b1-61d6-44a0-acf4-f82165f2da8d}",
                    "visible": true
                },
                "name": {
                    "enabled": true,
                    "type": "text",
                    "value": "Easy",
                    "visible": true
                },
                "path": {
                    "enabled": true,
                    "type": "text",
                    "value": "/",
                    "visible": true
                }
            },
            "values": [
                {
                    "language": "{c85f93fa-7d38-405b-838c-2051d3f8ffeb}",
                    "value": "Easy."
                }
            ]
        },
        {
            "properties": {
                "__categories": [
                ],
                "__groups": [
                ],
                "description": {
                    "enabled": true,
                    "type": "text",
                    "value": "",
                    "visible": true
                },
                "id": {
                    "enabled": true,
                    "type": "uuid",
                    "value": "{4f1d9680-6ae4-4f3b-8633-650efd90b816}",
                    "visible": true
                },
                "name": {
                    "enabled": true,
                    "type": "text",
                    "value": "Smart",
                    "visible": true
                },
                "path": {
                    "enabled": true,
                    "type": "text",
                    "value": "/",
                    "visible": true
                }
            },
            "values": [
                {
                    "language": "{c85f93fa-7d38-405b-838c-2051d3f8ffeb}",
                    "value": "Smart."
                }
            ]
        },
        {
            "properties": {
                "__categories": [
                ],
                "__groups": [
                ],
                "description": {
                    "enabled": true,
                    "type": "text",
                    "value": "",
                    "visible": true
                },
                "id": {
                    "enabled": true,
                    "type": "uuid",
                    "value": "{80355ae7-5fb2-4326-af8a-a75df083e71f}",
                    "visible": true
                },
                "name": {
                    "enabled": true,
                    "type": "text",
                    "value": "Fast",
                    "visible": true
                },
                "path": {
                    "enabled": true,
                    "type": "text",
                    "value": "/",
                    "visible": true
                }
            },
            "values": [
                {
                    "language": "{c85f93fa-7d38-405b-838c-2051d3f8ffeb}",
                    "value": "Fast."
                }
            ]
        }
    ]
}
