{
    "properties": {
        "__categories": [
            {
                "expanded": true,
                "id": "fontInfo",
                "visible": true
            },
            {
                "expanded": true,
                "id": "name",
                "visible": true
            }
        ],
        "__groups": [
        ],
        "antialias": {
            "enabled": true,
            "type": "boolean",
            "value": true,
            "visible": true
        },
        "dataMemoryLocation": {
            "enabled": false,
            "type": "memorylocation",
            "value": "{85c740ac-2569-43d1-9c2e-9aff451ad8eb}",
            "visible": true
        },
        "dataSize": {
            "enabled": true,
            "type": "integer",
            "value": 0,
            "visible": false
        },
        "glyphCount": {
            "enabled": false,
            "type": "integer",
            "value": 96,
            "visible": true
        },
        "glyphDataSize": {
            "enabled": false,
            "type": "integer",
            "value": 1801,
            "visible": true
        },
        "glyphMemoryLocation": {
            "enabled": true,
            "type": "memorylocation",
            "value": "{85c740ac-2569-43d1-9c2e-9aff451ad8eb}",
            "visible": true
        },
        "height": {
            "enabled": true,
            "type": "integer",
            "value": 21,
            "visible": false
        },
        "id": {
            "enabled": true,
            "type": "uuid",
            "value": "{97753578-097f-4cef-8d75-6bfe85899fd3}",
            "visible": true
        },
        "kerningDataSize": {
            "enabled": false,
            "type": "integer",
            "value": 1924,
            "visible": true
        },
        "maxBaseline": {
            "enabled": true,
            "type": "integer",
            "value": 13,
            "visible": false
        },
        "maxHeight": {
            "enabled": true,
            "type": "integer",
            "value": 18,
            "visible": false
        },
        "name": {
            "enabled": true,
            "type": "text",
            "value": "",
            "visible": true
        },
        "outputName": {
            "enabled": true,
            "type": "text",
            "value": "NotoSans_Regular",
            "visible": true
        },
        "pointSize": {
            "enabled": true,
            "type": "integer",
            "value": 16,
            "visible": true
        },
        "sourceName": {
            "enabled": false,
            "type": "text",
            "value": "NotoSans-Regular.ttf",
            "visible": true
        }
    }
}
