{
    "ranges": [{
        "name": "CJK_UL",
        "start": 30463,
        "end": 40959
    }],
    "name": "NotoSansCJKsc_Regular_Large2",
    "properties": {
        "Antialias": {
            "type": "BOOLEAN",
            "value": true
        },
        "Size": {
            "type": "INTEGER",
            "value": 20
        },
        "SourceName": {
            "type": "TEXT",
            "value": "NotoSansCJKsc-Regular.otf"
        },
        "MemoryLocation": {
            "type": "MEMORY_LOC",
            "value": "Fonts2"
        },
        "Name": {
            "type": "TEXT",
            "value": "NotoSansCJKsc_Regular_Large2"
        }
    }
}