{
    "sourceFileName": "MHGC_170x170.bmp",
    "sourceFileFormat": "Raw",
    "folder": "/",
    "sourceFileWidth": 170,
    "sourceFileHeight": 170,
    "imageType": "Raw",
    "properties": {
        "OutputSize": {
            "Height": {
                "type": "INTEGER",
                "value": 170
            },
            "Width": {
                "type": "INTEGER",
                "value": 170
            }
        },
        "OutputMode": {
            "type": "TEXT",
            "value": "RGB_565"
        },
        "ImportSize": {
            "Height": {
                "type": "INTEGER",
                "value": 170
            },
            "Width": {
                "type": "INTEGER",
                "value": 170
            }
        },
        "OutputFormat": {
            "type": "TEXT",
            "value": "JPEG"
        },
        "MaskColor": {
            "Red": {
                "type": "FLOAT",
                "value": 0
            },
            "Gray": {
                "type": "FLOAT",
                "value": 0
            },
            "OutputMode": {
                "type": "TEXT",
                "value": "RGB_565"
            },
            "Blue": {
                "type": "FLOAT",
                "value": 0
            },
            "Alpha": {
                "type": "FLOAT",
                "value": 255
            },
            "type": "COLOR",
            "Green": {
                "type": "FLOAT",
                "value": 0
            }
        },
        "GeneratePalette": {
            "type": "BOOLEAN",
            "value": false
        },
        "BitsPerPixel": {
            "type": "INTEGER",
            "value": 2
        },
        "UniquePixelCount": {
            "type": "INTEGER",
            "value": 143
        },
        "MemoryLocation": {
            "type": "MEMORY_LOC",
            "value": "Internal Flash"
        },
        "SizeBytes": {
            "type": "INTEGER",
            "value": 57800
        },
        "MaskEnable": {
            "type": "BOOLEAN",
            "value": false
        },
        "Name": {
            "type": "TEXT",
            "value": "MHGC_170x170"
        }
    }
}