{
    "hidden": false,
    "children": [{
        "hidden": false,
        "children": [
            {
                "hidden": false,
                "locked": false,
                "type": "PanelWidget",
                "properties": {
                    "HAlignment": {
                        "type": "TEXT",
                        "value": "Center"
                    },
                    "Scheme": {
                        "type": "SCHEME",
                        "value": "WhiteScheme"
                    },
                    "AlphaAmount": {
                        "type": "INTEGER",
                        "value": 255
                    },
                    "Position": {
                        "X": {
                            "type": "INTEGER",
                            "value": 0
                        },
                        "Y": {
                            "type": "INTEGER",
                            "value": 0
                        }
                    },
                    "Size": {
                        "Height": {
                            "type": "INTEGER",
                            "value": 272
                        },
                        "Width": {
                            "type": "INTEGER",
                            "value": 480
                        }
                    },
                    "MarginRight": {
                        "type": "INTEGER",
                        "value": 4
                    },
                    "Enabled": {
                        "type": "BOOLEAN",
                        "value": true
                    },
                    "MarginTop": {
                        "type": "INTEGER",
                        "value": 4
                    },
                    "Name": {
                        "type": "TEXT",
                        "value": "PanelWidget0"
                    },
                    "AlphaEnable": {
                        "type": "BOOLEAN",
                        "value": false
                    },
                    "VAlignment": {
                        "type": "TEXT",
                        "value": "Middle"
                    },
                    "BackgroundType": {
                        "type": "TEXT",
                        "value": "Fill"
                    },
                    "MarginBottom": {
                        "type": "INTEGER",
                        "value": 4
                    },
                    "Visible": {
                        "type": "BOOLEAN",
                        "value": true
                    },
                    "BorderType": {
                        "type": "TEXT",
                        "value": "None"
                    },
                    "MarginLeft": {
                        "type": "INTEGER",
                        "value": 4
                    }
                }
            },
            {
                "hidden": false,
                "children": [{
                    "hidden": false,
                    "locked": false,
                    "type": "LabelWidget",
                    "properties": {
                        "HAlignment": {
                            "type": "TEXT",
                            "value": "Center"
                        },
                        "Scheme": {
                            "type": "SCHEME",
                            "value": ""
                        },
                        "AlphaAmount": {
                            "type": "INTEGER",
                            "value": 255
                        },
                        "Position": {
                            "X": {
                                "type": "INTEGER",
                                "value": 9
                            },
                            "Y": {
                                "type": "INTEGER",
                                "value": 7
                            }
                        },
                        "Size": {
                            "Height": {
                                "type": "INTEGER",
                                "value": 92
                            },
                            "Width": {
                                "type": "INTEGER",
                                "value": 463
                            }
                        },
                        "MarginRight": {
                            "type": "INTEGER",
                            "value": 4
                        },
                        "Enabled": {
                            "type": "BOOLEAN",
                            "value": true
                        },
                        "MarginTop": {
                            "type": "INTEGER",
                            "value": 4
                        },
                        "Name": {
                            "type": "TEXT",
                            "value": "LabelWidget_Wait"
                        },
                        "AlphaEnable": {
                            "type": "BOOLEAN",
                            "value": false
                        },
                        "VAlignment": {
                            "type": "TEXT",
                            "value": "Middle"
                        },
                        "BackgroundType": {
                            "type": "TEXT",
                            "value": "None"
                        },
                        "StringID": {
                            "type": "STRING",
                            "value": "WaitForUSBAlt"
                        },
                        "MarginBottom": {
                            "type": "INTEGER",
                            "value": 4
                        },
                        "Visible": {
                            "type": "BOOLEAN",
                            "value": true
                        },
                        "BorderType": {
                            "type": "TEXT",
                            "value": "None"
                        },
                        "MarginLeft": {
                            "type": "INTEGER",
                            "value": 4
                        }
                    }
                }],
                "locked": false,
                "type": "ButtonWidget",
                "properties": {
                    "HAlignment": {
                        "type": "TEXT",
                        "value": "Center"
                    },
                    "Pressed": {
                        "type": "BOOLEAN",
                        "value": false
                    },
                    "Scheme": {
                        "type": "SCHEME",
                        "value": ""
                    },
                    "ImageMargin": {
                        "type": "INTEGER",
                        "value": 10
                    },
                    "Size": {
                        "Height": {
                            "type": "INTEGER",
                            "value": 272
                        },
                        "Width": {
                            "type": "INTEGER",
                            "value": 480
                        }
                    },
                    "Toggleable": {
                        "type": "BOOLEAN",
                        "value": false
                    },
                    "MarginTop": {
                        "type": "INTEGER",
                        "value": 4
                    },
                    "Name": {
                        "type": "TEXT",
                        "value": "ButtonWidget_Wait"
                    },
                    "AlphaEnable": {
                        "type": "BOOLEAN",
                        "value": false
                    },
                    "PressedEvent": {
                        "type": "BOOLEAN",
                        "value": false
                    },
                    "VAlignment": {
                        "type": "TEXT",
                        "value": "Middle"
                    },
                    "PressedImage": {
                        "type": "IMAGE",
                        "value": ""
                    },
                    "PressedOffset": {
                        "type": "INTEGER",
                        "value": 1
                    },
                    "StringID": {
                        "type": "STRING",
                        "value": "WaitForUSB"
                    },
                    "MarginBottom": {
                        "type": "INTEGER",
                        "value": 4
                    },
                    "Visible": {
                        "type": "BOOLEAN",
                        "value": true
                    },
                    "AlphaAmount": {
                        "type": "INTEGER",
                        "value": 255
                    },
                    "Position": {
                        "X": {
                            "type": "INTEGER",
                            "value": 0
                        },
                        "Y": {
                            "type": "INTEGER",
                            "value": 0
                        }
                    },
                    "ImagePosition": {
                        "type": "TEXT",
                        "value": "LeftOf"
                    },
                    "MarginRight": {
                        "type": "INTEGER",
                        "value": 4
                    },
                    "Enabled": {
                        "type": "BOOLEAN",
                        "value": true
                    },
                    "ReleasedEvent": {
                        "type": "BOOLEAN",
                        "value": true
                    },
                    "BackgroundType": {
                        "type": "TEXT",
                        "value": "None"
                    },
                    "ReleasedImage": {
                        "type": "IMAGE",
                        "value": ""
                    },
                    "BorderType": {
                        "type": "TEXT",
                        "value": "None"
                    },
                    "MarginLeft": {
                        "type": "INTEGER",
                        "value": 4
                    }
                },
                "events": {
                    "ReleasedEvent": {
                        "mode": "GENERATE",
                        "pretty_name": "Released",
                        "name": "ReleasedEvent",
                        "enabled": "true"
                    },
                    "PressedEvent": {
                        "mode": "GENERATE",
                        "pretty_name": "Pressed",
                        "name": "PressedEvent",
                        "enabled": "false"
                    }
                }
            },
            {
                "hidden": false,
                "locked": false,
                "type": "ButtonWidget",
                "properties": {
                    "HAlignment": {
                        "type": "TEXT",
                        "value": "Center"
                    },
                    "Pressed": {
                        "type": "BOOLEAN",
                        "value": false
                    },
                    "Scheme": {
                        "type": "SCHEME",
                        "value": ""
                    },
                    "ImageMargin": {
                        "type": "INTEGER",
                        "value": 10
                    },
                    "Size": {
                        "Height": {
                            "type": "INTEGER",
                            "value": 54
                        },
                        "Width": {
                            "type": "INTEGER",
                            "value": 380
                        }
                    },
                    "Toggleable": {
                        "type": "BOOLEAN",
                        "value": false
                    },
                    "MarginTop": {
                        "type": "INTEGER",
                        "value": 4
                    },
                    "Name": {
                        "type": "TEXT",
                        "value": "ButtonWidget_MainScreen"
                    },
                    "AlphaEnable": {
                        "type": "BOOLEAN",
                        "value": false
                    },
                    "PressedEvent": {
                        "type": "BOOLEAN",
                        "value": false
                    },
                    "VAlignment": {
                        "type": "TEXT",
                        "value": "Middle"
                    },
                    "PressedImage": {
                        "type": "IMAGE",
                        "value": ""
                    },
                    "PressedOffset": {
                        "type": "INTEGER",
                        "value": 1
                    },
                    "StringID": {
                        "type": "STRING",
                        "value": "PressToMainScreen"
                    },
                    "MarginBottom": {
                        "type": "INTEGER",
                        "value": 4
                    },
                    "Visible": {
                        "type": "BOOLEAN",
                        "value": true
                    },
                    "AlphaAmount": {
                        "type": "INTEGER",
                        "value": 255
                    },
                    "Position": {
                        "X": {
                            "type": "INTEGER",
                            "value": 51
                        },
                        "Y": {
                            "type": "INTEGER",
                            "value": 182
                        }
                    },
                    "ImagePosition": {
                        "type": "TEXT",
                        "value": "LeftOf"
                    },
                    "MarginRight": {
                        "type": "INTEGER",
                        "value": 4
                    },
                    "Enabled": {
                        "type": "BOOLEAN",
                        "value": true
                    },
                    "ReleasedEvent": {
                        "type": "BOOLEAN",
                        "value": true
                    },
                    "BackgroundType": {
                        "type": "TEXT",
                        "value": "Fill"
                    },
                    "ReleasedImage": {
                        "type": "IMAGE",
                        "value": ""
                    },
                    "BorderType": {
                        "type": "TEXT",
                        "value": "Bevel"
                    },
                    "MarginLeft": {
                        "type": "INTEGER",
                        "value": 4
                    }
                },
                "events": {
                    "ReleasedEvent": {
                        "mode": "GENERATE",
                        "pretty_name": "Released",
                        "name": "ReleasedEvent",
                        "actions": [{
                            "targetName": "MainScreen",
                            "name": "Show Screen (MainScreen)",
                            "targetType": "Screen",
                            "arguments": {},
                            "screenName": "LoadingScreen",
                            "type": "template",
                            "actionName": "ShowScreen"
                        }],
                        "enabled": "true"
                    },
                    "PressedEvent": {
                        "mode": "GENERATE",
                        "pretty_name": "Pressed",
                        "name": "PressedEvent",
                        "enabled": "false"
                    }
                }
            }
        ],
        "locked": false,
        "type": "Layer",
        "properties": {
            "AlphaAmount": {
                "type": "INTEGER",
                "value": 255
            },
            "Visible": {
                "type": "BOOLEAN",
                "value": true
            },
            "Name": {
                "type": "TEXT",
                "value": "Layer0"
            },
            "AlphaEnable": {
                "type": "BOOLEAN",
                "value": false
            }
        }
    }],
    "locked": false,
    "properties": {
        "Active": {
            "type": "BOOLEAN",
            "value": true
        },
        "CreateAtStartup": {
            "type": "BOOLEAN",
            "value": false
        },
        "Primary": {
            "type": "BOOLEAN",
            "value": true
        },
        "Visible": {
            "type": "BOOLEAN",
            "value": true
        },
        "Export": {
            "type": "BOOLEAN",
            "value": true
        },
        "Persistent": {
            "type": "BOOLEAN",
            "value": false
        },
        "HideEvent": {
            "type": "BOOLEAN",
            "value": false
        },
        "Name": {
            "type": "TEXT",
            "value": "LoadingScreen"
        },
        "ShowEvent": {
            "type": "BOOLEAN",
            "value": false
        },
        "UpdateEvent": {
            "type": "BOOLEAN",
            "value": false
        }
    },
    "events": {
        "HideEvent": {
            "mode": "GENERATE",
            "pretty_name": "On Hide",
            "name": "HideEvent",
            "enabled": "false"
        },
        "ShowEvent": {
            "mode": "GENERATE",
            "pretty_name": "On Show",
            "name": "ShowEvent",
            "enabled": "false"
        },
        "UpdateEvent": {
            "mode": "GENERATE",
            "pretty_name": "On Update",
            "name": "UpdateEvent",
            "enabled": "false"
        }
    }
}