{
    "hidden": false,
    "children": [{
        "hidden": false,
        "children": [
            {
                "hidden": false,
                "locked": false,
                "type": "PanelWidget",
                "properties": {
                    "HAlignment": {
                        "type": "TEXT",
                        "value": "Center"
                    },
                    "Scheme": {
                        "type": "SCHEME",
                        "value": "WhiteScheme"
                    },
                    "AlphaAmount": {
                        "type": "INTEGER",
                        "value": 255
                    },
                    "Position": {
                        "X": {
                            "type": "INTEGER",
                            "value": 0
                        },
                        "Y": {
                            "type": "INTEGER",
                            "value": 0
                        }
                    },
                    "Size": {
                        "Height": {
                            "type": "INTEGER",
                            "value": 272
                        },
                        "Width": {
                            "type": "INTEGER",
                            "value": 480
                        }
                    },
                    "MarginRight": {
                        "type": "INTEGER",
                        "value": 4
                    },
                    "Enabled": {
                        "type": "BOOLEAN",
                        "value": true
                    },
                    "MarginTop": {
                        "type": "INTEGER",
                        "value": 4
                    },
                    "Name": {
                        "type": "TEXT",
                        "value": "PanelWidget1"
                    },
                    "AlphaEnable": {
                        "type": "BOOLEAN",
                        "value": false
                    },
                    "VAlignment": {
                        "type": "TEXT",
                        "value": "Middle"
                    },
                    "BackgroundType": {
                        "type": "TEXT",
                        "value": "Fill"
                    },
                    "MarginBottom": {
                        "type": "INTEGER",
                        "value": 4
                    },
                    "Visible": {
                        "type": "BOOLEAN",
                        "value": true
                    },
                    "BorderType": {
                        "type": "TEXT",
                        "value": "None"
                    },
                    "MarginLeft": {
                        "type": "INTEGER",
                        "value": 4
                    }
                }
            },
            {
                "hidden": false,
                "locked": false,
                "type": "LabelWidget",
                "properties": {
                    "HAlignment": {
                        "type": "TEXT",
                        "value": "Center"
                    },
                    "Scheme": {
                        "type": "SCHEME",
                        "value": ""
                    },
                    "AlphaAmount": {
                        "type": "INTEGER",
                        "value": 255
                    },
                    "Position": {
                        "X": {
                            "type": "INTEGER",
                            "value": 13
                        },
                        "Y": {
                            "type": "INTEGER",
                            "value": 4
                        }
                    },
                    "Size": {
                        "Height": {
                            "type": "INTEGER",
                            "value": 55
                        },
                        "Width": {
                            "type": "INTEGER",
                            "value": 455
                        }
                    },
                    "MarginRight": {
                        "type": "INTEGER",
                        "value": 4
                    },
                    "Enabled": {
                        "type": "BOOLEAN",
                        "value": true
                    },
                    "MarginTop": {
                        "type": "INTEGER",
                        "value": 4
                    },
                    "Name": {
                        "type": "TEXT",
                        "value": "TitleLabel"
                    },
                    "AlphaEnable": {
                        "type": "BOOLEAN",
                        "value": false
                    },
                    "VAlignment": {
                        "type": "TEXT",
                        "value": "Middle"
                    },
                    "BackgroundType": {
                        "type": "TEXT",
                        "value": "None"
                    },
                    "StringID": {
                        "type": "STRING",
                        "value": "TitleString"
                    },
                    "MarginBottom": {
                        "type": "INTEGER",
                        "value": 4
                    },
                    "Visible": {
                        "type": "BOOLEAN",
                        "value": true
                    },
                    "BorderType": {
                        "type": "TEXT",
                        "value": "None"
                    },
                    "MarginLeft": {
                        "type": "INTEGER",
                        "value": 4
                    }
                }
            },
            {
                "hidden": false,
                "children": [
                    {
                        "hidden": false,
                        "locked": false,
                        "type": "LabelWidget",
                        "properties": {
                            "HAlignment": {
                                "type": "TEXT",
                                "value": "Right"
                            },
                            "Scheme": {
                                "type": "SCHEME",
                                "value": ""
                            },
                            "AlphaAmount": {
                                "type": "INTEGER",
                                "value": 255
                            },
                            "Position": {
                                "X": {
                                    "type": "INTEGER",
                                    "value": 5
                                },
                                "Y": {
                                    "type": "INTEGER",
                                    "value": 10
                                }
                            },
                            "Size": {
                                "Height": {
                                    "type": "INTEGER",
                                    "value": 30
                                },
                                "Width": {
                                    "type": "INTEGER",
                                    "value": 78
                                }
                            },
                            "MarginRight": {
                                "type": "INTEGER",
                                "value": 4
                            },
                            "Enabled": {
                                "type": "BOOLEAN",
                                "value": true
                            },
                            "MarginTop": {
                                "type": "INTEGER",
                                "value": 4
                            },
                            "Name": {
                                "type": "TEXT",
                                "value": "LabelWidget1"
                            },
                            "AlphaEnable": {
                                "type": "BOOLEAN",
                                "value": false
                            },
                            "VAlignment": {
                                "type": "TEXT",
                                "value": "Middle"
                            },
                            "BackgroundType": {
                                "type": "TEXT",
                                "value": "None"
                            },
                            "StringID": {
                                "type": "STRING",
                                "value": "PressButton"
                            },
                            "MarginBottom": {
                                "type": "INTEGER",
                                "value": 4
                            },
                            "Visible": {
                                "type": "BOOLEAN",
                                "value": true
                            },
                            "BorderType": {
                                "type": "TEXT",
                                "value": "None"
                            },
                            "MarginLeft": {
                                "type": "INTEGER",
                                "value": 4
                            }
                        }
                    },
                    {
                        "hidden": false,
                        "locked": false,
                        "type": "LabelWidget",
                        "properties": {
                            "HAlignment": {
                                "type": "TEXT",
                                "value": "Center"
                            },
                            "Scheme": {
                                "type": "SCHEME",
                                "value": ""
                            },
                            "AlphaAmount": {
                                "type": "INTEGER",
                                "value": 255
                            },
                            "Position": {
                                "X": {
                                    "type": "INTEGER",
                                    "value": 7
                                },
                                "Y": {
                                    "type": "INTEGER",
                                    "value": 10
                                }
                            },
                            "Size": {
                                "Height": {
                                    "type": "INTEGER",
                                    "value": 30
                                },
                                "Width": {
                                    "type": "INTEGER",
                                    "value": 398
                                }
                            },
                            "MarginRight": {
                                "type": "INTEGER",
                                "value": 4
                            },
                            "Enabled": {
                                "type": "BOOLEAN",
                                "value": true
                            },
                            "MarginTop": {
                                "type": "INTEGER",
                                "value": 4
                            },
                            "Name": {
                                "type": "TEXT",
                                "value": "LabelWidget2"
                            },
                            "AlphaEnable": {
                                "type": "BOOLEAN",
                                "value": false
                            },
                            "VAlignment": {
                                "type": "TEXT",
                                "value": "Middle"
                            },
                            "BackgroundType": {
                                "type": "TEXT",
                                "value": "None"
                            },
                            "StringID": {
                                "type": "STRING",
                                "value": "DrawDirectBlit"
                            },
                            "MarginBottom": {
                                "type": "INTEGER",
                                "value": 4
                            },
                            "Visible": {
                                "type": "BOOLEAN",
                                "value": true
                            },
                            "BorderType": {
                                "type": "TEXT",
                                "value": "None"
                            },
                            "MarginLeft": {
                                "type": "INTEGER",
                                "value": 4
                            }
                        }
                    },
                    {
                        "hidden": false,
                        "locked": false,
                        "type": "LabelWidget",
                        "properties": {
                            "HAlignment": {
                                "type": "TEXT",
                                "value": "Left"
                            },
                            "Scheme": {
                                "type": "SCHEME",
                                "value": ""
                            },
                            "AlphaAmount": {
                                "type": "INTEGER",
                                "value": 255
                            },
                            "Position": {
                                "X": {
                                    "type": "INTEGER",
                                    "value": 331
                                },
                                "Y": {
                                    "type": "INTEGER",
                                    "value": 10
                                }
                            },
                            "Size": {
                                "Height": {
                                    "type": "INTEGER",
                                    "value": 30
                                },
                                "Width": {
                                    "type": "INTEGER",
                                    "value": 116
                                }
                            },
                            "MarginRight": {
                                "type": "INTEGER",
                                "value": 4
                            },
                            "Enabled": {
                                "type": "BOOLEAN",
                                "value": true
                            },
                            "MarginTop": {
                                "type": "INTEGER",
                                "value": 4
                            },
                            "Name": {
                                "type": "TEXT",
                                "value": "LabelWidget3"
                            },
                            "AlphaEnable": {
                                "type": "BOOLEAN",
                                "value": false
                            },
                            "VAlignment": {
                                "type": "TEXT",
                                "value": "Middle"
                            },
                            "BackgroundType": {
                                "type": "TEXT",
                                "value": "None"
                            },
                            "StringID": {
                                "type": "STRING",
                                "value": "ImageFromExternal"
                            },
                            "MarginBottom": {
                                "type": "INTEGER",
                                "value": 4
                            },
                            "Visible": {
                                "type": "BOOLEAN",
                                "value": true
                            },
                            "BorderType": {
                                "type": "TEXT",
                                "value": "None"
                            },
                            "MarginLeft": {
                                "type": "INTEGER",
                                "value": 4
                            }
                        }
                    }
                ],
                "locked": false,
                "type": "ButtonWidget",
                "properties": {
                    "HAlignment": {
                        "type": "TEXT",
                        "value": "Center"
                    },
                    "Pressed": {
                        "type": "BOOLEAN",
                        "value": false
                    },
                    "Scheme": {
                        "type": "SCHEME",
                        "value": ""
                    },
                    "ImageMargin": {
                        "type": "INTEGER",
                        "value": 10
                    },
                    "Size": {
                        "Height": {
                            "type": "INTEGER",
                            "value": 50
                        },
                        "Width": {
                            "type": "INTEGER",
                            "value": 450
                        }
                    },
                    "Toggleable": {
                        "type": "BOOLEAN",
                        "value": false
                    },
                    "MarginTop": {
                        "type": "INTEGER",
                        "value": 4
                    },
                    "Name": {
                        "type": "TEXT",
                        "value": "SloganButton"
                    },
                    "AlphaEnable": {
                        "type": "BOOLEAN",
                        "value": false
                    },
                    "PressedEvent": {
                        "type": "BOOLEAN",
                        "value": false
                    },
                    "VAlignment": {
                        "type": "TEXT",
                        "value": "Middle"
                    },
                    "PressedImage": {
                        "type": "IMAGE",
                        "value": ""
                    },
                    "PressedOffset": {
                        "type": "INTEGER",
                        "value": 1
                    },
                    "StringID": {
                        "type": "STRING",
                        "value": ""
                    },
                    "MarginBottom": {
                        "type": "INTEGER",
                        "value": 4
                    },
                    "Visible": {
                        "type": "BOOLEAN",
                        "value": true
                    },
                    "AlphaAmount": {
                        "type": "INTEGER",
                        "value": 255
                    },
                    "Position": {
                        "X": {
                            "type": "INTEGER",
                            "value": 14
                        },
                        "Y": {
                            "type": "INTEGER",
                            "value": 207
                        }
                    },
                    "ImagePosition": {
                        "type": "TEXT",
                        "value": "LeftOf"
                    },
                    "MarginRight": {
                        "type": "INTEGER",
                        "value": 4
                    },
                    "Enabled": {
                        "type": "BOOLEAN",
                        "value": true
                    },
                    "ReleasedEvent": {
                        "type": "BOOLEAN",
                        "value": true
                    },
                    "BackgroundType": {
                        "type": "TEXT",
                        "value": "Fill"
                    },
                    "ReleasedImage": {
                        "type": "IMAGE",
                        "value": ""
                    },
                    "BorderType": {
                        "type": "TEXT",
                        "value": "Bevel"
                    },
                    "MarginLeft": {
                        "type": "INTEGER",
                        "value": 4
                    }
                },
                "events": {
                    "ReleasedEvent": {
                        "mode": "GENERATE",
                        "pretty_name": "Released",
                        "name": "ReleasedEvent",
                        "enabled": "true"
                    },
                    "PressedEvent": {
                        "mode": "GENERATE",
                        "pretty_name": "Pressed",
                        "name": "PressedEvent",
                        "enabled": "false"
                    }
                }
            },
            {
                "hidden": false,
                "locked": false,
                "type": "ButtonWidget",
                "properties": {
                    "HAlignment": {
                        "type": "TEXT",
                        "value": "Center"
                    },
                    "Pressed": {
                        "type": "BOOLEAN",
                        "value": false
                    },
                    "Scheme": {
                        "type": "SCHEME",
                        "value": ""
                    },
                    "ImageMargin": {
                        "type": "INTEGER",
                        "value": 10
                    },
                    "Size": {
                        "Height": {
                            "type": "INTEGER",
                            "value": 132
                        },
                        "Width": {
                            "type": "INTEGER",
                            "value": 141
                        }
                    },
                    "Toggleable": {
                        "type": "BOOLEAN",
                        "value": false
                    },
                    "MarginTop": {
                        "type": "INTEGER",
                        "value": 4
                    },
                    "Name": {
                        "type": "TEXT",
                        "value": "LogoButton"
                    },
                    "AlphaEnable": {
                        "type": "BOOLEAN",
                        "value": false
                    },
                    "PressedEvent": {
                        "type": "BOOLEAN",
                        "value": false
                    },
                    "VAlignment": {
                        "type": "TEXT",
                        "value": "Middle"
                    },
                    "PressedImage": {
                        "type": "IMAGE",
                        "value": "MHGS_logo_small_raw_direct_blit"
                    },
                    "PressedOffset": {
                        "type": "INTEGER",
                        "value": 0
                    },
                    "StringID": {
                        "type": "STRING",
                        "value": ""
                    },
                    "MarginBottom": {
                        "type": "INTEGER",
                        "value": 4
                    },
                    "Visible": {
                        "type": "BOOLEAN",
                        "value": true
                    },
                    "AlphaAmount": {
                        "type": "INTEGER",
                        "value": 255
                    },
                    "Position": {
                        "X": {
                            "type": "INTEGER",
                            "value": 96
                        },
                        "Y": {
                            "type": "INTEGER",
                            "value": 62
                        }
                    },
                    "ImagePosition": {
                        "type": "TEXT",
                        "value": "LeftOf"
                    },
                    "MarginRight": {
                        "type": "INTEGER",
                        "value": 4
                    },
                    "Enabled": {
                        "type": "BOOLEAN",
                        "value": true
                    },
                    "ReleasedEvent": {
                        "type": "BOOLEAN",
                        "value": true
                    },
                    "BackgroundType": {
                        "type": "TEXT",
                        "value": "None"
                    },
                    "ReleasedImage": {
                        "type": "IMAGE",
                        "value": "MHGS_logo_small_raw_direct_blit"
                    },
                    "BorderType": {
                        "type": "TEXT",
                        "value": "None"
                    },
                    "MarginLeft": {
                        "type": "INTEGER",
                        "value": 4
                    }
                },
                "events": {
                    "ReleasedEvent": {
                        "mode": "GENERATE",
                        "pretty_name": "Released",
                        "name": "ReleasedEvent",
                        "enabled": "true"
                    },
                    "PressedEvent": {
                        "mode": "GENERATE",
                        "pretty_name": "Pressed",
                        "name": "PressedEvent",
                        "enabled": "false"
                    }
                }
            },
            {
                "hidden": false,
                "locked": false,
                "type": "LabelWidget",
                "properties": {
                    "HAlignment": {
                        "type": "TEXT",
                        "value": "Center"
                    },
                    "Scheme": {
                        "type": "SCHEME",
                        "value": ""
                    },
                    "AlphaAmount": {
                        "type": "INTEGER",
                        "value": 255
                    },
                    "Position": {
                        "X": {
                            "type": "INTEGER",
                            "value": 251
                        },
                        "Y": {
                            "type": "INTEGER",
                            "value": 95
                        }
                    },
                    "Size": {
                        "Height": {
                            "type": "INTEGER",
                            "value": 51
                        },
                        "Width": {
                            "type": "INTEGER",
                            "value": 215
                        }
                    },
                    "MarginRight": {
                        "type": "INTEGER",
                        "value": 4
                    },
                    "Enabled": {
                        "type": "BOOLEAN",
                        "value": true
                    },
                    "MarginTop": {
                        "type": "INTEGER",
                        "value": 4
                    },
                    "Name": {
                        "type": "TEXT",
                        "value": "ImageTypeLabelWidget"
                    },
                    "AlphaEnable": {
                        "type": "BOOLEAN",
                        "value": false
                    },
                    "VAlignment": {
                        "type": "TEXT",
                        "value": "Middle"
                    },
                    "BackgroundType": {
                        "type": "TEXT",
                        "value": "None"
                    },
                    "StringID": {
                        "type": "STRING",
                        "value": "ImageIsDirectBlit"
                    },
                    "MarginBottom": {
                        "type": "INTEGER",
                        "value": 4
                    },
                    "Visible": {
                        "type": "BOOLEAN",
                        "value": true
                    },
                    "BorderType": {
                        "type": "TEXT",
                        "value": "None"
                    },
                    "MarginLeft": {
                        "type": "INTEGER",
                        "value": 4
                    }
                }
            }
        ],
        "locked": false,
        "type": "Layer",
        "properties": {
            "AlphaAmount": {
                "type": "INTEGER",
                "value": 255
            },
            "Visible": {
                "type": "BOOLEAN",
                "value": true
            },
            "Name": {
                "type": "TEXT",
                "value": "Layer0"
            },
            "AlphaEnable": {
                "type": "BOOLEAN",
                "value": false
            }
        }
    }],
    "locked": false,
    "properties": {
        "Active": {
            "type": "BOOLEAN",
            "value": false
        },
        "CreateAtStartup": {
            "type": "BOOLEAN",
            "value": false
        },
        "Primary": {
            "type": "BOOLEAN",
            "value": false
        },
        "Visible": {
            "type": "BOOLEAN",
            "value": true
        },
        "Export": {
            "type": "BOOLEAN",
            "value": true
        },
        "Persistent": {
            "type": "BOOLEAN",
            "value": false
        },
        "HideEvent": {
            "type": "BOOLEAN",
            "value": false
        },
        "Name": {
            "type": "TEXT",
            "value": "MainScreen"
        },
        "ShowEvent": {
            "type": "BOOLEAN",
            "value": false
        },
        "UpdateEvent": {
            "type": "BOOLEAN",
            "value": false
        }
    },
    "events": {
        "HideEvent": {
            "mode": "GENERATE",
            "pretty_name": "On Hide",
            "name": "HideEvent",
            "enabled": "false"
        },
        "ShowEvent": {
            "mode": "GENERATE",
            "pretty_name": "On Show",
            "name": "ShowEvent",
            "enabled": "false"
        },
        "UpdateEvent": {
            "mode": "GENERATE",
            "pretty_name": "On Update",
            "name": "UpdateEvent",
            "enabled": "false"
        }
    }
}