{
    "hidden": false,
    "children": [{
        "hidden": false,
        "locked": false,
        "type": "Layer",
        "properties": {
            "AlphaAmount": {
                "type": "INTEGER",
                "value": 255
            },
            "Visible": {
                "type": "BOOLEAN",
                "value": true
            },
            "Name": {
                "type": "TEXT",
                "value": "Layer0"
            },
            "AlphaEnable": {
                "type": "BOOLEAN",
                "value": false
            }
        }
    }],
    "locked": false,
    "properties": {
        "Active": {
            "type": "BOOLEAN",
            "value": true
        },
        "CreateAtStartup": {
            "type": "BOOLEAN",
            "value": false
        },
        "Primary": {
            "type": "BOOLEAN",
            "value": true
        },
        "Visible": {
            "type": "BOOLEAN",
            "value": true
        },
        "Export": {
            "type": "BOOLEAN",
            "value": true
        },
        "Persistent": {
            "type": "BOOLEAN",
            "value": false
        },
        "HideEvent": {
            "type": "BOOLEAN",
            "value": false
        },
        "Name": {
            "type": "TEXT",
            "value": "Screen0"
        },
        "ShowEvent": {
            "type": "BOOLEAN",
            "value": false
        },
        "UpdateEvent": {
            "type": "BOOLEAN",
            "value": false
        }
    },
    "events": {
        "HideEvent": {
            "mode": "GENERATE",
            "pretty_name": "On Hide",
            "name": "HideEvent",
            "enabled": "false"
        },
        "ShowEvent": {
            "mode": "GENERATE",
            "pretty_name": "On Show",
            "name": "ShowEvent",
            "enabled": "false"
        },
        "UpdateEvent": {
            "mode": "GENERATE",
            "pretty_name": "On Update",
            "name": "UpdateEvent",
            "enabled": "false"
        }
    }
}