{
    "name": "ArialUnicodeMS_Bold",
    "properties": {
        "Antialias": {
            "type": "BOOLEAN",
            "value": false
        },
        "Size": {
            "type": "INTEGER",
            "value": 16
        },
        "SourceName": {
            "type": "TEXT",
            "value": "NotoSans-Bold.ttf"
        },
        "MemoryLocation": {
            "type": "MEMORY_LOC",
            "value": "Internal Flash"
        },
        "Name": {
            "type": "TEXT",
            "value": "ArialUnicodeMS_Bold"
        }
    }
}