{
    "sramSize": 512000,
    "locations": [
        {
            "fileName": "Fonts1",
            "format": "BIN",
            "name": "Fonts1",
            "maxSize": 1000000
        },
        {
            "fileName": "Images",
            "format": "BIN",
            "name": "Images",
            "maxSize": 1000000
        },
        {
            "fileName": "Fonts2",
            "format": "BIN",
            "name": "Fonts2",
            "maxSize": 1000000
        }
    ],
    "flashSize": 2000000
}