{"properties": {
    "VARIABLE_HEAP_SIZE": 2048,
    "ENABLE_CHECKBOX_WIDGET": true,
    "ENABLE_IMAGESEQUENCE_WIDGET": true,
    "ENABLE_BARGRAPH_WIDGET": true,
    "FIXED_HEAP_SIZE_256": 24,
    "ENABLE_FIXED_HEAP": true,
    "ENABLE_SLIDER_WIDGET": true,
    "ENABLE_AUTO_WIDGET_SELECTION": true,
    "ENABLE_DRAWSURFACE_WIDGET": true,
    "ENABLE_GROUPBOX_WIDGET": true,
    "GRID_COLOR": 2138552974,
    "INPUT_ORIENTATION": 90,
    "FIXED_HEAP_SIZE_128": 32,
    "SCREEN_HEIGHT": 480,
    "PROJECT_COLOR_MODE": "RGB_565",
    "SCRATCH_BUFFER_SIZE": 16,
    "ENABLE_LISTWHEEL_WIDGET": true,
    "GENERATE_USE_AUTOMATIC_NAME": false,
    "LIBRARY_LAYER_COUNT": 1,
    "ENABLE_WINDOW_WIDGET": true,
    "ENABLE_LINE_WIDGET": true,
    "INFO_TOGGLED": true,
    "IMAGE_CACHE_SIZE": 128,
    "ENABLE_IMAGE_BLEND_CACHE": false,
    "ASSERT_ENABLE": false,
    "ENABLE_RADIOBUTTON_WIDGET": true,
    "CLIP_TOGGLED": false,
    "ENABLE_TEXTFIELD_WIDGET": true,
    "CANVAS_HEIGHT": 400,
    "ENABLE_SCROLLBAR_WIDGET": true,
    "ENABLE_DEBUG_ALLOCATOR": false,
    "ENABLE_ALPHA_BLENDING": true,
    "FIXED_HEAP_SIZE_32": 96,
    "SNAP_TOGGLED": true,
    "CANVAS_WIDTH": 400,
    "ENABLE_EXTERNAL_MEDIA": false,
    "ENABLE_CIRCLE_WIDGET": true,
    "ENABLE_KEYPAD_WIDGET": true,
    "FONT_CACHE_SIZE": 256,
    "ENABLE_PIECHART_WIDGET": true,
    "ENABLE_TOUCHTEST_WIDGET": true,
    "PREVIEW_LANGUAGE": 0,
    "ENABLE_RECTANGLE_WIDGET": true,
    "ENABLE_ALLOC_TRACKING": false,
    "FIXED_HEAP_SIZE_196": 48,
    "GRID_X": 10,
    "INCLUDE_1BPP_FONT": false,
    "ENABLE_IMAGE_DECODE_CACHE": false,
    "FIXED_HEAP_SIZE_64": 96,
    "SCREEN_WIDTH": 320,
    "ENABLE_ALLOC_ZEROIZE": false,
    "GENERATE_PATH": "",
    "VARIABLE_HEAP_DEBUG_LEVEL": 0,
    "VARIABLE_HEAP_USE_BEST_FIT": true,
    "ZOOM_LEVEL": 1,
    "ENABLE_ARC_WIDGET": true,
    "ENABLE_INPUT_HANDLING": false,
    "GENERATE_NAME": "",
    "ENABLE_CIRCULARGAUGE_WIDGET": true,
    "ENABLE_LINEGRAPH_WIDGET": true,
    "ENABLE_IMAGE_LOOKUP_CACHE": false,
    "GRID_Y": 10,
    "GRID_TOGGLED": true,
    "ENABLE_INPUT_CODE_GENERATION": true,
    "ENABLE_GRADIENT_WIDGET": true,
    "ENABLE_LABEL_WIDGET": true,
    "ENABLE_CIRCULARSLIDER_WIDGET": true,
    "ENABLE_IMAGE_WIDGET": true,
    "FIXED_HEAP_SIZE_16": 300,
    "PREEMPTION_LEVEL": 0,
    "INCLUDE_8BPP_FONT": false,
    "ENABLE_PROGRESSBAR_WIDGET": true,
    "ENABLE_BUTTON_WIDGET": true,
    "FIXED_HEAP_ENABLE_DEBUG": false,
    "ENABLE_IMAGE_MASK_CACHE": false,
    "ENABLE_LIST_WIDGET": true
}}