{
    "ranges": [{
        "name": "CJK Unified Ideographs",
        "start": 32968,
        "end": 40959
    }],
    "name": "ArialUnicodeMS_Large",
    "properties": {
        "Antialias": {
            "type": "BOOLEAN",
            "value": true
        },
        "Size": {
            "type": "INTEGER",
            "value": 20
        },
        "SourceName": {
            "type": "TEXT",
            "value": "ARIALUNI.TTF"
        },
        "MemoryLocation": {
            "type": "MEMORY_LOC",
            "value": "SQI"
        },
        "Name": {
            "type": "TEXT",
            "value": "ArialUnicodeMS_Large"
        }
    }
}