{
    "bindings": [
        {
            "font": "{53db5911-ad9b-40b8-93f9-ffa3c3aeee72}",
            "language": "{84ca7d6a-3053-4dd2-81e9-2a0f1d8422d2}",
            "string": "{3b40dbf4-c1a8-4e97-ac80-6887e0157cab}"
        },
        {
            "font": "{53db5911-ad9b-40b8-93f9-ffa3c3aeee72}",
            "language": "{84ca7d6a-3053-4dd2-81e9-2a0f1d8422d2}",
            "string": "{586eaf68-8d07-4ef4-b371-4c485660603f}"
        },
        {
            "font": "{53db5911-ad9b-40b8-93f9-ffa3c3aeee72}",
            "language": "{84ca7d6a-3053-4dd2-81e9-2a0f1d8422d2}",
            "string": "{aa79828b-0bd8-4982-8ecf-3222b66f2eca}"
        }
    ],
    "defaultLanguage": "{84ca7d6a-3053-4dd2-81e9-2a0f1d8422d2}",
    "encoding": "ASCII",
    "languages": [
        {
            "properties": {
                "__categories": [
                ],
                "__groups": [
                ],
                "enabled": {
                    "enabled": true,
                    "type": "boolean",
                    "value": true,
                    "visible": true
                },
                "id": {
                    "enabled": true,
                    "type": "uuid",
                    "value": "{84ca7d6a-3053-4dd2-81e9-2a0f1d8422d2}",
                    "visible": true
                },
                "name": {
                    "enabled": true,
                    "type": "text",
                    "value": "default",
                    "visible": true
                }
            }
        }
    ],
    "paths": [
    ],
    "strings": [
        {
            "properties": {
                "__categories": [
                ],
                "__groups": [
                ],
                "description": {
                    "enabled": true,
                    "type": "text",
                    "value": "",
                    "visible": true
                },
                "id": {
                    "enabled": true,
                    "type": "uuid",
                    "value": "{3b40dbf4-c1a8-4e97-ac80-6887e0157cab}",
                    "visible": true
                },
                "name": {
                    "enabled": true,
                    "type": "text",
                    "value": "Fast",
                    "visible": true
                },
                "path": {
                    "enabled": true,
                    "type": "text",
                    "value": "/",
                    "visible": true
                }
            },
            "values": [
                {
                    "language": "{84ca7d6a-3053-4dd2-81e9-2a0f1d8422d2}",
                    "value": "Fast"
                }
            ]
        },
        {
            "properties": {
                "__categories": [
                ],
                "__groups": [
                ],
                "description": {
                    "enabled": true,
                    "type": "text",
                    "value": "",
                    "visible": true
                },
                "id": {
                    "enabled": true,
                    "type": "uuid",
                    "value": "{586eaf68-8d07-4ef4-b371-4c485660603f}",
                    "visible": true
                },
                "name": {
                    "enabled": true,
                    "type": "text",
                    "value": "Smart",
                    "visible": true
                },
                "path": {
                    "enabled": true,
                    "type": "text",
                    "value": "/",
                    "visible": true
                }
            },
            "values": [
                {
                    "language": "{84ca7d6a-3053-4dd2-81e9-2a0f1d8422d2}",
                    "value": "Smart"
                }
            ]
        },
        {
            "properties": {
                "__categories": [
                ],
                "__groups": [
                ],
                "description": {
                    "enabled": true,
                    "type": "text",
                    "value": "",
                    "visible": true
                },
                "id": {
                    "enabled": true,
                    "type": "uuid",
                    "value": "{aa79828b-0bd8-4982-8ecf-3222b66f2eca}",
                    "visible": true
                },
                "name": {
                    "enabled": true,
                    "type": "text",
                    "value": "Easy",
                    "visible": true
                },
                "path": {
                    "enabled": true,
                    "type": "text",
                    "value": "/",
                    "visible": true
                }
            },
            "values": [
                {
                    "language": "{84ca7d6a-3053-4dd2-81e9-2a0f1d8422d2}",
                    "value": "Easy"
                }
            ]
        }
    ]
}
