{
    "ranges": [{
        "name": "Basic Latin",
        "start": 32,
        "end": 127
    }],
    "name": "ArialUnicodeMS",
    "properties": {
        "Antialias": {
            "type": "BOOLEAN",
            "value": true
        },
        "Size": {
            "type": "INTEGER",
            "value": 16
        },
        "SourceName": {
            "type": "TEXT",
            "value": "ARIALUNI.TTF"
        },
        "MemoryLocation": {
            "type": "MEMORY_LOC",
            "value": "SQI"
        },
        "Name": {
            "type": "TEXT",
            "value": "ArialUnicodeMS"
        }
    }
}