{
    "schemes": [
        {
            "properties": {
                "__categories": [
                    {
                        "expanded": true,
                        "id": "Scheme",
                        "visible": true
                    },
                    {
                        "expanded": true,
                        "id": "Color Table",
                        "visible": true
                    }
                ],
                "__groups": [
                ],
                "background": {
                    "blue": 1,
                    "enabled": true,
                    "green": 1,
                    "red": 1,
                    "type": "color",
                    "visible": true
                },
                "backgroundDisabled": {
                    "blue": 0.8313725490196079,
                    "enabled": true,
                    "green": 0.8156862745098039,
                    "red": 0.7843137254901961,
                    "type": "color",
                    "visible": true
                },
                "backgroundInactive": {
                    "blue": 0.9058823529411765,
                    "enabled": true,
                    "green": 0.8901960784313725,
                    "red": 0.8392156862745098,
                    "type": "color",
                    "visible": true
                },
                "base": {
                    "blue": 0.8313725490196079,
                    "enabled": true,
                    "green": 0.8156862745098039,
                    "red": 0.7843137254901961,
                    "type": "color",
                    "visible": true
                },
                "colorMode": {
                    "enabled": true,
                    "type": "combo",
                    "value": 3,
                    "visible": true
                },
                "foreground": {
                    "blue": 0,
                    "enabled": true,
                    "green": 0,
                    "red": 0,
                    "type": "color",
                    "visible": true
                },
                "foregroundDisabled": {
                    "blue": 0.5019607843137255,
                    "enabled": true,
                    "green": 0.5019607843137255,
                    "red": 0.5019607843137255,
                    "type": "color",
                    "visible": true
                },
                "foregroundInactive": {
                    "blue": 0.9058823529411765,
                    "enabled": true,
                    "green": 0.8901960784313725,
                    "red": 0.8392156862745098,
                    "type": "color",
                    "visible": true
                },
                "highlight": {
                    "blue": 0.8313725490196079,
                    "enabled": true,
                    "green": 0.8156862745098039,
                    "red": 0.7843137254901961,
                    "type": "color",
                    "visible": true
                },
                "highlightLight": {
                    "blue": 1,
                    "enabled": true,
                    "green": 1,
                    "red": 1,
                    "type": "color",
                    "visible": true
                },
                "id": {
                    "enabled": true,
                    "type": "uuid",
                    "value": "{0b812383-d94c-4d90-942b-6d825fd16bbd}",
                    "visible": true
                },
                "name": {
                    "enabled": true,
                    "type": "text",
                    "value": "defaultScheme",
                    "visible": true
                },
                "shadow": {
                    "blue": 0.5019607843137255,
                    "enabled": true,
                    "green": 0.5019607843137255,
                    "red": 0.5019607843137255,
                    "type": "color",
                    "visible": true
                },
                "shadowDark": {
                    "blue": 0.25098039215686274,
                    "enabled": true,
                    "green": 0.25098039215686274,
                    "red": 0.25098039215686274,
                    "type": "color",
                    "visible": true
                },
                "text": {
                    "blue": 0,
                    "enabled": true,
                    "green": 0,
                    "red": 0,
                    "type": "color",
                    "visible": true
                },
                "textDisabled": {
                    "blue": 0.5803921568627451,
                    "enabled": true,
                    "green": 0.5725490196078431,
                    "red": 0.5490196078431373,
                    "type": "color",
                    "visible": true
                },
                "textHighlight": {
                    "blue": 1,
                    "enabled": true,
                    "green": 0,
                    "red": 0,
                    "type": "color",
                    "visible": true
                },
                "textHighlightText": {
                    "blue": 1,
                    "enabled": true,
                    "green": 1,
                    "red": 1,
                    "type": "color",
                    "visible": true
                },
                "textInactive": {
                    "blue": 0.9058823529411765,
                    "enabled": true,
                    "green": 0.8901960784313725,
                    "red": 0.8392156862745098,
                    "type": "color",
                    "visible": true
                }
            }
        },
        {
            "properties": {
                "__categories": [
                    {
                        "expanded": true,
                        "id": "Scheme",
                        "visible": true
                    },
                    {
                        "expanded": true,
                        "id": "Color Table",
                        "visible": true
                    }
                ],
                "__groups": [
                ],
                "background": {
                    "blue": 1,
                    "enabled": true,
                    "green": 1,
                    "red": 1,
                    "type": "color",
                    "visible": true
                },
                "backgroundDisabled": {
                    "blue": 0.8313725490196079,
                    "enabled": true,
                    "green": 0.8156862745098039,
                    "red": 0.7843137254901961,
                    "type": "color",
                    "visible": true
                },
                "backgroundInactive": {
                    "blue": 0.9058823529411765,
                    "enabled": true,
                    "green": 0.8901960784313725,
                    "red": 0.8392156862745098,
                    "type": "color",
                    "visible": true
                },
                "base": {
                    "blue": 0.8313725490196079,
                    "enabled": true,
                    "green": 0.8156862745098039,
                    "red": 0.7843137254901961,
                    "type": "color",
                    "visible": true
                },
                "colorMode": {
                    "enabled": true,
                    "type": "combo",
                    "value": 3,
                    "visible": true
                },
                "foreground": {
                    "blue": 0,
                    "enabled": true,
                    "green": 0,
                    "red": 0,
                    "type": "color",
                    "visible": true
                },
                "foregroundDisabled": {
                    "blue": 0.5019607843137255,
                    "enabled": true,
                    "green": 0.5019607843137255,
                    "red": 0.5019607843137255,
                    "type": "color",
                    "visible": true
                },
                "foregroundInactive": {
                    "blue": 0.9058823529411765,
                    "enabled": true,
                    "green": 0.8901960784313725,
                    "red": 0.8392156862745098,
                    "type": "color",
                    "visible": true
                },
                "highlight": {
                    "blue": 0.8313725490196079,
                    "enabled": true,
                    "green": 0.8156862745098039,
                    "red": 0.7843137254901961,
                    "type": "color",
                    "visible": true
                },
                "highlightLight": {
                    "blue": 0.7419394216830701,
                    "enabled": true,
                    "green": 0.7460288395513848,
                    "red": 0.7419394216830701,
                    "type": "color",
                    "visible": true
                },
                "id": {
                    "enabled": true,
                    "type": "uuid",
                    "value": "{72394693-3e72-4fba-a49f-124b2f1e14e1}",
                    "visible": true
                },
                "name": {
                    "enabled": true,
                    "type": "text",
                    "value": "ProgressScheme",
                    "visible": true
                },
                "shadow": {
                    "blue": 0.5019607843137255,
                    "enabled": true,
                    "green": 0.5019607843137255,
                    "red": 0.5019607843137255,
                    "type": "color",
                    "visible": true
                },
                "shadowDark": {
                    "blue": 0.25098039215686274,
                    "enabled": true,
                    "green": 0.25098039215686274,
                    "red": 0.25098039215686274,
                    "type": "color",
                    "visible": true
                },
                "text": {
                    "blue": 0,
                    "enabled": true,
                    "green": 0,
                    "red": 0,
                    "type": "color",
                    "visible": true
                },
                "textDisabled": {
                    "blue": 0.5803921568627451,
                    "enabled": true,
                    "green": 0.5725490196078431,
                    "red": 0.5490196078431373,
                    "type": "color",
                    "visible": true
                },
                "textHighlight": {
                    "blue": 1,
                    "enabled": true,
                    "green": 0,
                    "red": 0,
                    "type": "color",
                    "visible": true
                },
                "textHighlightText": {
                    "blue": 1,
                    "enabled": true,
                    "green": 1,
                    "red": 1,
                    "type": "color",
                    "visible": true
                },
                "textInactive": {
                    "blue": 0.9058823529411765,
                    "enabled": true,
                    "green": 0.8901960784313725,
                    "red": 0.8392156862745098,
                    "type": "color",
                    "visible": true
                }
            }
        },
        {
            "properties": {
                "__categories": [
                    {
                        "expanded": true,
                        "id": "Scheme",
                        "visible": true
                    },
                    {
                        "expanded": true,
                        "id": "Color Table",
                        "visible": true
                    }
                ],
                "__groups": [
                ],
                "background": {
                    "blue": 1,
                    "enabled": true,
                    "green": 1,
                    "red": 1,
                    "type": "color",
                    "visible": true
                },
                "backgroundDisabled": {
                    "blue": 0.8313725490196079,
                    "enabled": true,
                    "green": 0.8156862745098039,
                    "red": 0.7843137254901961,
                    "type": "color",
                    "visible": true
                },
                "backgroundInactive": {
                    "blue": 0.9058823529411765,
                    "enabled": true,
                    "green": 0.8901960784313725,
                    "red": 0.8392156862745098,
                    "type": "color",
                    "visible": true
                },
                "base": {
                    "blue": 1,
                    "enabled": true,
                    "green": 1,
                    "red": 1,
                    "type": "color",
                    "visible": true
                },
                "colorMode": {
                    "enabled": true,
                    "type": "combo",
                    "value": 3,
                    "visible": true
                },
                "foreground": {
                    "blue": 0,
                    "enabled": true,
                    "green": 0,
                    "red": 0,
                    "type": "color",
                    "visible": true
                },
                "foregroundDisabled": {
                    "blue": 0.5019607843137255,
                    "enabled": true,
                    "green": 0.5019607843137255,
                    "red": 0.5019607843137255,
                    "type": "color",
                    "visible": true
                },
                "foregroundInactive": {
                    "blue": 0.9058823529411765,
                    "enabled": true,
                    "green": 0.8901960784313725,
                    "red": 0.8392156862745098,
                    "type": "color",
                    "visible": true
                },
                "highlight": {
                    "blue": 0.8313725490196079,
                    "enabled": true,
                    "green": 0.8156862745098039,
                    "red": 0.7843137254901961,
                    "type": "color",
                    "visible": true
                },
                "highlightLight": {
                    "blue": 1,
                    "enabled": true,
                    "green": 1,
                    "red": 1,
                    "type": "color",
                    "visible": true
                },
                "id": {
                    "enabled": true,
                    "type": "uuid",
                    "value": "{84a193ea-57c8-46c1-9be1-7c63b520c23b}",
                    "visible": true
                },
                "name": {
                    "enabled": true,
                    "type": "text",
                    "value": "whiteScheme",
                    "visible": true
                },
                "shadow": {
                    "blue": 0.5019607843137255,
                    "enabled": true,
                    "green": 0.5019607843137255,
                    "red": 0.5019607843137255,
                    "type": "color",
                    "visible": true
                },
                "shadowDark": {
                    "blue": 0.25098039215686274,
                    "enabled": true,
                    "green": 0.25098039215686274,
                    "red": 0.25098039215686274,
                    "type": "color",
                    "visible": true
                },
                "text": {
                    "blue": 0,
                    "enabled": true,
                    "green": 0,
                    "red": 0,
                    "type": "color",
                    "visible": true
                },
                "textDisabled": {
                    "blue": 0.5803921568627451,
                    "enabled": true,
                    "green": 0.5725490196078431,
                    "red": 0.5490196078431373,
                    "type": "color",
                    "visible": true
                },
                "textHighlight": {
                    "blue": 1,
                    "enabled": true,
                    "green": 0,
                    "red": 0,
                    "type": "color",
                    "visible": true
                },
                "textHighlightText": {
                    "blue": 1,
                    "enabled": true,
                    "green": 1,
                    "red": 1,
                    "type": "color",
                    "visible": true
                },
                "textInactive": {
                    "blue": 0.9058823529411765,
                    "enabled": true,
                    "green": 0.8901960784313725,
                    "red": 0.8392156862745098,
                    "type": "color",
                    "visible": true
                }
            }
        }
    ],
    "userDefault": "{00000000-0000-0000-0000-000000000000}"
}
