{
    "hidden": false,
    "children": [{
        "hidden": false,
        "children": [
            {
                "hidden": false,
                "locked": false,
                "type": "ImageWidget",
                "properties": {
                    "HAlignment": "Center",
                    "Scheme": "NewScheme",
                    "AlphaAmount": 255,
                    "Position": {
                        "X": 0,
                        "Y": 0
                    },
                    "Size": {
                        "Height": 480,
                        "Width": 320
                    },
                    "MarginRight": 4,
                    "Enabled": true,
                    "MarginTop": 4,
                    "Image": "",
                    "Name": "ImageWidget0",
                    "AlphaEnable": false,
                    "VAlignment": "Middle",
                    "BackgroundType": "Fill",
                    "MarginBottom": 4,
                    "Visible": true,
                    "BorderType": "None",
                    "MarginLeft": 4
                }
            },
            {
                "hidden": false,
                "locked": false,
                "type": "LabelWidget",
                "properties": {
                    "HAlignment": "Center",
                    "Scheme": "",
                    "AlphaAmount": 255,
                    "Position": {
                        "X": 6,
                        "Y": 28
                    },
                    "Size": {
                        "Height": 45,
                        "Width": 315
                    },
                    "MarginRight": 4,
                    "Enabled": true,
                    "MarginTop": 4,
                    "Name": "LabelWidget0",
                    "AlphaEnable": false,
                    "VAlignment": "Middle",
                    "BackgroundType": "None",
                    "StringID": "MPLABHarmonyComposer",
                    "MarginBottom": 4,
                    "Visible": true,
                    "BorderType": "None",
                    "MarginLeft": 4
                }
            },
            {
                "hidden": false,
                "locked": false,
                "type": "ImageWidget",
                "properties": {
                    "HAlignment": "Center",
                    "Scheme": "",
                    "AlphaAmount": 255,
                    "Position": {
                        "X": 76,
                        "Y": 123
                    },
                    "Size": {
                        "Height": 170,
                        "Width": 170
                    },
                    "MarginRight": 4,
                    "Enabled": true,
                    "MarginTop": 4,
                    "Image": "MHGC_170x170",
                    "Name": "ImageWidget1",
                    "AlphaEnable": false,
                    "VAlignment": "Middle",
                    "BackgroundType": "None",
                    "MarginBottom": 4,
                    "Visible": true,
                    "BorderType": "None",
                    "MarginLeft": 4
                }
            },
            {
                "hidden": false,
                "locked": false,
                "type": "ButtonWidget",
                "properties": {
                    "HAlignment": "Center",
                    "Pressed": false,
                    "Scheme": "",
                    "ImageMargin": 10,
                    "Size": {
                        "Height": 40,
                        "Width": 220
                    },
                    "Toggleable": false,
                    "MarginTop": 4,
                    "Name": "ButtonWidget0",
                    "AlphaEnable": false,
                    "PressedEvent": false,
                    "VAlignment": "Middle",
                    "PressedImage": "",
                    "PressedOffset": 1,
                    "StringID": "ModifyRegenerateRun",
                    "MarginBottom": 4,
                    "Visible": true,
                    "AlphaAmount": 255,
                    "Position": {
                        "X": 51,
                        "Y": 360
                    },
                    "ImagePosition": "LeftOf",
                    "MarginRight": 4,
                    "Enabled": true,
                    "ReleasedEvent": false,
                    "BackgroundType": "Fill",
                    "ReleasedImage": "",
                    "BorderType": "Bevel",
                    "MarginLeft": 4
                },
                "events": {
                    "ReleasedEvent": {
                        "mode": "GENERATE",
                        "pretty_name": "Released",
                        "name": "ReleasedEvent",
                        "enabled": "false"
                    },
                    "PressedEvent": {
                        "mode": "GENERATE",
                        "pretty_name": "Pressed",
                        "name": "PressedEvent",
                        "enabled": "false"
                    }
                }
            }
        ],
        "locked": false,
        "type": "Layer",
        "properties": {
            "AlphaAmount": 255,
            "Visible": true,
            "Name": "Layer0",
            "AlphaEnable": false
        }
    }],
    "locked": false,
    "properties": {
        "Active": true,
        "CreateAtStartup": false,
        "Primary": true,
        "Visible": true,
        "Export": true,
        "Persistent": false,
        "HideEvent": false,
        "Name": "Screen0",
        "ShowEvent": false,
        "UpdateEvent": false
    },
    "events": {
        "HideEvent": {
            "mode": "GENERATE",
            "pretty_name": "On Hide",
            "name": "HideEvent",
            "enabled": "false"
        },
        "ShowEvent": {
            "mode": "GENERATE",
            "pretty_name": "On Show",
            "name": "ShowEvent",
            "enabled": "false"
        },
        "UpdateEvent": {
            "mode": "GENERATE",
            "pretty_name": "On Update",
            "name": "UpdateEvent",
            "enabled": "false"
        }
    }
}