{
    "name": "ArialUnicodeMS",
    "properties": {
        "Antialias": {
            "type": "BOOLEAN",
            "value": true
        },
        "Size": {
            "type": "INTEGER",
            "value": 16
        },
        "SourceName": {
            "type": "TEXT",
            "value": "NotoSansCJKsc-Regular.otf"
        },
        "MemoryLocation": {
            "type": "MEMORY_LOC",
            "value": "Fonts1"
        },
        "Name": {
            "type": "TEXT",
            "value": "ArialUnicodeMS"
        }
    }
}