{
    "defaultLanguage": 0,
    "stringTree": {"root": []},
    "languages": [{
        "name": "default",
        "enabled": true
    }],
    "strings": [
        {
            "folder": "/",
            "strings": ["Done!"],
            "name": "Done"
        },
        {
            "folder": "/",
            "strings": ["The selected medium did not contain 'image.hex' in"],
            "name": "FileNotFound1"
        },
        {
            "folder": "/",
            "strings": ["the root directory."],
            "name": "FileNotFound2"
        },
        {
            "folder": "/",
            "strings": ["Flashing..."],
            "name": "Flashing"
        },
        {
            "folder": "/",
            "strings": ["Flashing complete!"],
            "name": "FlashingComplete"
        },
        {
            "folder": "/",
            "strings": ["The image file is not valid."],
            "name": "InvalidFile"
        },
        {
            "folder": "/",
            "strings": ["The selected medium was not found."],
            "name": "NoMedium"
        },
        {
            "folder": "/",
            "strings": ["No valid storage mediums found."],
            "name": "NoValidMedium"
        },
        {
            "folder": "/",
            "strings": ["Please insert a USB device or SD Card."],
            "name": "NoValidMedium2"
        },
        {
            "folder": "/",
            "strings": ["0123456789"],
            "name": "Numbers"
        },
        {
            "folder": "/",
            "strings": ["of"],
            "name": "Of"
        },
        {
            "folder": "/",
            "strings": ["Ok"],
            "name": "Ok"
        },
        {
            "folder": "/",
            "strings": [""],
            "name": "RecordCount"
        },
        {
            "folder": "/",
            "strings": ["SD Card"],
            "name": "SDCard"
        },
        {
            "folder": "/",
            "strings": ["Select source from which to load 'SQI.hex'"],
            "name": "SelectSource"
        },
        {
            "folder": "/",
            "strings": ["Aria Memory Flashing Application"],
            "name": "Title"
        },
        {
            "folder": "/",
            "strings": ["USB"],
            "name": "USB"
        },
        {
            "folder": "/",
            "strings": ["An unknown error occured during record decoding."],
            "name": "UnknownError"
        },
        {
            "folder": "/",
            "strings": ["99999999"],
            "name": "stringNumberFiller"
        }
    ],
    "encoding": "ASCII"
}