{
    "images": [
        {
            "id": "{ab6d1aaf-6e71-4e60-a0b7-f03269c9444d}",
            "name": "Image0",
            "type": "Palette"
        },
        {
            "id": "{b903cb63-9781-49c8-9771-d0a94cc100e1}",
            "name": "MHGS_logo_small_jpeg",
            "type": "RGB"
        },
        {
            "id": "{ecc92ad4-9b5a-49c1-8f18-5d32d3bf9759}",
            "name": "MHGS_logo_small_png",
            "type": "RGB"
        },
        {
            "id": "{aee046bf-62ab-44db-9154-b2908dca7593}",
            "name": "MHGS_logo_small_raw",
            "type": "RGB"
        },
        {
            "id": "{3de2ea6e-3f5b-4f54-96a0-050e3afda279}",
            "name": "MHGS_logo_small_rle",
            "type": "RGB"
        },
        {
            "id": "{b47f2d06-c372-4d49-aae2-67f84bbbc0b7}",
            "name": "MHGS_logo_small_compressed",
            "type": "RGB"
        }
    ],
    "paths": [
    ]
}
