{
    "name": "ArialUnicodeMS_Large1",
    "properties": {
        "Antialias": {
            "type": "BOOLEAN",
            "value": true
        },
        "Size": {
            "type": "INTEGER",
            "value": 20
        },
        "SourceName": {
            "type": "TEXT",
            "value": "NotoSansCJKsc-Regular.otf"
        },
        "MemoryLocation": {
            "type": "MEMORY_LOC",
            "value": "Fonts1"
        },
        "Name": {
            "type": "TEXT",
            "value": "ArialUnicodeMS_Large1"
        }
    }
}