{
    "name": "Arial_30",
    "properties": {
        "Antialias": {
            "type": "BOOLEAN",
            "value": true
        },
        "Size": {
            "type": "INTEGER",
            "value": 30
        },
        "SourceName": {
            "type": "TEXT",
            "value": "NotoSans-Regular.ttf"
        },
        "MemoryLocation": {
            "type": "MEMORY_LOC",
            "value": "Internal Flash"
        },
        "Name": {
            "type": "TEXT",
            "value": "Arial_30"
        }
    }
}