{"defaultLanguage":0,"stringTree":{"root":[]},"languages":[{"name":"English","enabled":true},{"name":"Chinese","enabled":true}],"strings":[{"folder":"/","strings":["Press to direct blit uncompressed RAW image from SQI","按此按鈕可Direct Blit外部存儲的未壓縮RAW圖像"],"name":"DrawDirectBlit"},{"folder":"/","strings":["Press to draw JPEG compressed image from SQI","按此按鈕可重繪外部存儲的JPEG壓縮圖像"],"name":"DrawJpeg"},{"folder":"/","strings":["Press this button to draw PNG compressed image from SQI","按此按鈕可重繪外部存儲的PNG壓縮圖像"],"name":"DrawPNG"},{"folder":"/","strings":["Press this button to draw RLE compressed image from SQI","按此按鈕可重繪外部存儲的RLE壓縮圖像"],"name":"DrawRLE"},{"folder":"/","strings":["Press this button to draw uncompressed RAW image from SQI","按此按鈕可重繪外部存儲的未壓縮RAW圖像"],"name":"DrawRaw"},{"folder":"/","strings":["Direct Blit RAW Image","快畫未壓縮RAW圖像"],"name":"ImageIsDirectBlit"},{"folder":"/","strings":["JPEG Image","JPEG壓縮圖像"],"name":"ImageIsJPEG"},{"folder":"/","strings":["PNG Image","PNG壓縮圖像"],"name":"ImageIsPNG"},{"folder":"/","strings":["RAW+RLE Image","RAW+RLE壓縮圖像"],"name":"ImageIsRLE"},{"folder":"/","strings":["Uncompressed RAW Image","未壓縮RAW圖像"],"name":"ImageIsRaw"},{"folder":"/","strings":["Press the image to change the language\n and retrieve externally stored glyphs","按圖片更改語言並檢索外部存儲的字形"],"name":"TitleString"}],"encoding":"UTF16"}