{
    "bindings": [
        {
            "font": "{97753578-097f-4cef-8d75-6bfe85899fd3}",
            "language": "{ab2911a0-6560-42e5-8a99-60531e53035c}",
            "string": "{09112135-dc60-4c34-ac93-7b1bbc60fa7d}"
        },
        {
            "font": "{30da305a-6221-4235-82b0-8fb0ba4ad5dc}",
            "language": "{eec5563c-a787-4375-8bdc-c59be9add213}",
            "string": "{09112135-dc60-4c34-ac93-7b1bbc60fa7d}"
        },
        {
            "font": "{97753578-097f-4cef-8d75-6bfe85899fd3}",
            "language": "{ab2911a0-6560-42e5-8a99-60531e53035c}",
            "string": "{358cd28d-9582-4d53-a60e-47b7f5076626}"
        },
        {
            "font": "{30da305a-6221-4235-82b0-8fb0ba4ad5dc}",
            "language": "{eec5563c-a787-4375-8bdc-c59be9add213}",
            "string": "{358cd28d-9582-4d53-a60e-47b7f5076626}"
        },
        {
            "font": "{97753578-097f-4cef-8d75-6bfe85899fd3}",
            "language": "{ab2911a0-6560-42e5-8a99-60531e53035c}",
            "string": "{3b89865a-d56d-4030-bdc7-b4e99f4efe3c}"
        },
        {
            "font": "{97753578-097f-4cef-8d75-6bfe85899fd3}",
            "language": "{ab2911a0-6560-42e5-8a99-60531e53035c}",
            "string": "{4f707a39-c4a7-4675-a3c5-3bde7cc9a6df}"
        },
        {
            "font": "{30da305a-6221-4235-82b0-8fb0ba4ad5dc}",
            "language": "{eec5563c-a787-4375-8bdc-c59be9add213}",
            "string": "{4f707a39-c4a7-4675-a3c5-3bde7cc9a6df}"
        },
        {
            "font": "{97753578-097f-4cef-8d75-6bfe85899fd3}",
            "language": "{ab2911a0-6560-42e5-8a99-60531e53035c}",
            "string": "{a33c34ba-ef20-419d-931a-ea6b1ab87280}"
        },
        {
            "font": "{97753578-097f-4cef-8d75-6bfe85899fd3}",
            "language": "{ab2911a0-6560-42e5-8a99-60531e53035c}",
            "string": "{a8efbacd-492a-4c7e-a482-3157b32caa33}"
        },
        {
            "font": "{30da305a-6221-4235-82b0-8fb0ba4ad5dc}",
            "language": "{eec5563c-a787-4375-8bdc-c59be9add213}",
            "string": "{a8efbacd-492a-4c7e-a482-3157b32caa33}"
        },
        {
            "font": "{97753578-097f-4cef-8d75-6bfe85899fd3}",
            "language": "{ab2911a0-6560-42e5-8a99-60531e53035c}",
            "string": "{adb544ff-8af2-4c96-893c-faee521e7740}"
        },
        {
            "font": "{97753578-097f-4cef-8d75-6bfe85899fd3}",
            "language": "{ab2911a0-6560-42e5-8a99-60531e53035c}",
            "string": "{becd59f1-141e-4372-ad30-e16f386d59c4}"
        },
        {
            "font": "{97753578-097f-4cef-8d75-6bfe85899fd3}",
            "language": "{ab2911a0-6560-42e5-8a99-60531e53035c}",
            "string": "{c6443a0f-0cd1-4559-b8c2-7afec2ec3b3f}"
        },
        {
            "font": "{97753578-097f-4cef-8d75-6bfe85899fd3}",
            "language": "{ab2911a0-6560-42e5-8a99-60531e53035c}",
            "string": "{cb67c78c-c30e-4076-a045-b5b98164eb0e}"
        },
        {
            "font": "{97753578-097f-4cef-8d75-6bfe85899fd3}",
            "language": "{ab2911a0-6560-42e5-8a99-60531e53035c}",
            "string": "{f6962cc5-98b8-447c-882b-ebd6f1ce1ab5}"
        },
        {
            "font": "{30da305a-6221-4235-82b0-8fb0ba4ad5dc}",
            "language": "{eec5563c-a787-4375-8bdc-c59be9add213}",
            "string": "{3b89865a-d56d-4030-bdc7-b4e99f4efe3c}"
        },
        {
            "font": "{30da305a-6221-4235-82b0-8fb0ba4ad5dc}",
            "language": "{eec5563c-a787-4375-8bdc-c59be9add213}",
            "string": "{a33c34ba-ef20-419d-931a-ea6b1ab87280}"
        },
        {
            "font": "{30da305a-6221-4235-82b0-8fb0ba4ad5dc}",
            "language": "{eec5563c-a787-4375-8bdc-c59be9add213}",
            "string": "{adb544ff-8af2-4c96-893c-faee521e7740}"
        },
        {
            "font": "{30da305a-6221-4235-82b0-8fb0ba4ad5dc}",
            "language": "{eec5563c-a787-4375-8bdc-c59be9add213}",
            "string": "{becd59f1-141e-4372-ad30-e16f386d59c4}"
        },
        {
            "font": "{30da305a-6221-4235-82b0-8fb0ba4ad5dc}",
            "language": "{eec5563c-a787-4375-8bdc-c59be9add213}",
            "string": "{c6443a0f-0cd1-4559-b8c2-7afec2ec3b3f}"
        },
        {
            "font": "{30da305a-6221-4235-82b0-8fb0ba4ad5dc}",
            "language": "{eec5563c-a787-4375-8bdc-c59be9add213}",
            "string": "{cb67c78c-c30e-4076-a045-b5b98164eb0e}"
        },
        {
            "font": "{30da305a-6221-4235-82b0-8fb0ba4ad5dc}",
            "language": "{eec5563c-a787-4375-8bdc-c59be9add213}",
            "string": "{f6962cc5-98b8-447c-882b-ebd6f1ce1ab5}"
        }
    ],
    "defaultLanguage": "{ab2911a0-6560-42e5-8a99-60531e53035c}",
    "encoding": "UTF16",
    "languages": [
        {
            "properties": {
                "__categories": [
                ],
                "__groups": [
                ],
                "enabled": {
                    "enabled": true,
                    "type": "boolean",
                    "value": true,
                    "visible": true
                },
                "id": {
                    "enabled": true,
                    "type": "uuid",
                    "value": "{ab2911a0-6560-42e5-8a99-60531e53035c}",
                    "visible": true
                },
                "name": {
                    "enabled": true,
                    "type": "text",
                    "value": "English",
                    "visible": true
                }
            }
        },
        {
            "properties": {
                "__categories": [
                ],
                "__groups": [
                ],
                "enabled": {
                    "enabled": true,
                    "type": "boolean",
                    "value": true,
                    "visible": true
                },
                "id": {
                    "enabled": true,
                    "type": "uuid",
                    "value": "{eec5563c-a787-4375-8bdc-c59be9add213}",
                    "visible": true
                },
                "name": {
                    "enabled": true,
                    "type": "text",
                    "value": "Chinese",
                    "visible": true
                }
            }
        }
    ],
    "paths": [
    ],
    "strings": [
        {
            "properties": {
                "__categories": [
                ],
                "__groups": [
                ],
                "description": {
                    "enabled": true,
                    "type": "text",
                    "value": "",
                    "visible": true
                },
                "id": {
                    "enabled": true,
                    "type": "uuid",
                    "value": "{09112135-dc60-4c34-ac93-7b1bbc60fa7d}",
                    "visible": true
                },
                "name": {
                    "enabled": true,
                    "type": "text",
                    "value": "ImageIsJPEG",
                    "visible": true
                },
                "path": {
                    "enabled": true,
                    "type": "text",
                    "value": "/",
                    "visible": true
                }
            },
            "values": [
                {
                    "language": "{ab2911a0-6560-42e5-8a99-60531e53035c}",
                    "value": "JPEG Image"
                },
                {
                    "language": "{eec5563c-a787-4375-8bdc-c59be9add213}",
                    "value": "JPEG壓縮圖像"
                }
            ]
        },
        {
            "properties": {
                "__categories": [
                ],
                "__groups": [
                ],
                "description": {
                    "enabled": true,
                    "type": "text",
                    "value": "",
                    "visible": true
                },
                "id": {
                    "enabled": true,
                    "type": "uuid",
                    "value": "{358cd28d-9582-4d53-a60e-47b7f5076626}",
                    "visible": true
                },
                "name": {
                    "enabled": true,
                    "type": "text",
                    "value": "DrawRLE",
                    "visible": true
                },
                "path": {
                    "enabled": true,
                    "type": "text",
                    "value": "/",
                    "visible": true
                }
            },
            "values": [
                {
                    "language": "{ab2911a0-6560-42e5-8a99-60531e53035c}",
                    "value": "Press this button to draw RLE compressed image from SQI"
                },
                {
                    "language": "{eec5563c-a787-4375-8bdc-c59be9add213}",
                    "value": "按此按鈕可重繪外部存儲的RLE壓縮圖像"
                }
            ]
        },
        {
            "properties": {
                "__categories": [
                ],
                "__groups": [
                ],
                "description": {
                    "enabled": true,
                    "type": "text",
                    "value": "",
                    "visible": true
                },
                "id": {
                    "enabled": true,
                    "type": "uuid",
                    "value": "{3b89865a-d56d-4030-bdc7-b4e99f4efe3c}",
                    "visible": true
                },
                "name": {
                    "enabled": true,
                    "type": "text",
                    "value": "DrawRaw",
                    "visible": true
                },
                "path": {
                    "enabled": true,
                    "type": "text",
                    "value": "/",
                    "visible": true
                }
            },
            "values": [
                {
                    "language": "{ab2911a0-6560-42e5-8a99-60531e53035c}",
                    "value": "Press this button to draw uncompressed RAW image from SQI"
                },
                {
                    "language": "{eec5563c-a787-4375-8bdc-c59be9add213}",
                    "value": "按此按鈕可重繪外部存儲的未壓縮RAW圖像"
                }
            ]
        },
        {
            "properties": {
                "__categories": [
                ],
                "__groups": [
                ],
                "description": {
                    "enabled": true,
                    "type": "text",
                    "value": "",
                    "visible": true
                },
                "id": {
                    "enabled": true,
                    "type": "uuid",
                    "value": "{4f707a39-c4a7-4675-a3c5-3bde7cc9a6df}",
                    "visible": true
                },
                "name": {
                    "enabled": true,
                    "type": "text",
                    "value": "ImageIsPNG",
                    "visible": true
                },
                "path": {
                    "enabled": true,
                    "type": "text",
                    "value": "/",
                    "visible": true
                }
            },
            "values": [
                {
                    "language": "{ab2911a0-6560-42e5-8a99-60531e53035c}",
                    "value": "PNG Image"
                },
                {
                    "language": "{eec5563c-a787-4375-8bdc-c59be9add213}",
                    "value": "PNG壓縮圖像"
                }
            ]
        },
        {
            "properties": {
                "__categories": [
                ],
                "__groups": [
                ],
                "description": {
                    "enabled": true,
                    "type": "text",
                    "value": "",
                    "visible": true
                },
                "id": {
                    "enabled": true,
                    "type": "uuid",
                    "value": "{a33c34ba-ef20-419d-931a-ea6b1ab87280}",
                    "visible": true
                },
                "name": {
                    "enabled": true,
                    "type": "text",
                    "value": "DrawJpeg",
                    "visible": true
                },
                "path": {
                    "enabled": true,
                    "type": "text",
                    "value": "/",
                    "visible": true
                }
            },
            "values": [
                {
                    "language": "{ab2911a0-6560-42e5-8a99-60531e53035c}",
                    "value": "Press to draw JPEG compressed image from SQI"
                },
                {
                    "language": "{eec5563c-a787-4375-8bdc-c59be9add213}",
                    "value": "按此按鈕可重繪外部存儲的JPEG壓縮圖像"
                }
            ]
        },
        {
            "properties": {
                "__categories": [
                ],
                "__groups": [
                ],
                "description": {
                    "enabled": true,
                    "type": "text",
                    "value": "",
                    "visible": true
                },
                "id": {
                    "enabled": true,
                    "type": "uuid",
                    "value": "{a8efbacd-492a-4c7e-a482-3157b32caa33}",
                    "visible": true
                },
                "name": {
                    "enabled": true,
                    "type": "text",
                    "value": "ImageIsRLE",
                    "visible": true
                },
                "path": {
                    "enabled": true,
                    "type": "text",
                    "value": "/",
                    "visible": true
                }
            },
            "values": [
                {
                    "language": "{ab2911a0-6560-42e5-8a99-60531e53035c}",
                    "value": "RLE Compressed Image"
                },
                {
                    "language": "{eec5563c-a787-4375-8bdc-c59be9add213}",
                    "value": "RAW+RLE壓縮圖像"
                }
            ]
        },
        {
            "properties": {
                "__categories": [
                ],
                "__groups": [
                ],
                "description": {
                    "enabled": true,
                    "type": "text",
                    "value": "",
                    "visible": true
                },
                "id": {
                    "enabled": true,
                    "type": "uuid",
                    "value": "{adb544ff-8af2-4c96-893c-faee521e7740}",
                    "visible": true
                },
                "name": {
                    "enabled": true,
                    "type": "text",
                    "value": "ImageIsPaletteCompressed",
                    "visible": true
                },
                "path": {
                    "enabled": true,
                    "type": "text",
                    "value": "/",
                    "visible": true
                }
            },
            "values": [
                {
                    "language": "{ab2911a0-6560-42e5-8a99-60531e53035c}",
                    "value": "Palette Compressed Image"
                },
                {
                    "language": "{eec5563c-a787-4375-8bdc-c59be9add213}",
                    "value": "Palette壓縮圖像"
                }
            ]
        },
        {
            "properties": {
                "__categories": [
                ],
                "__groups": [
                ],
                "description": {
                    "enabled": true,
                    "type": "text",
                    "value": "",
                    "visible": true
                },
                "id": {
                    "enabled": true,
                    "type": "uuid",
                    "value": "{becd59f1-141e-4372-ad30-e16f386d59c4}",
                    "visible": true
                },
                "name": {
                    "enabled": true,
                    "type": "text",
                    "value": "ImageIsRaw",
                    "visible": true
                },
                "path": {
                    "enabled": true,
                    "type": "text",
                    "value": "/",
                    "visible": true
                }
            },
            "values": [
                {
                    "language": "{ab2911a0-6560-42e5-8a99-60531e53035c}",
                    "value": "Uncompressed RAW Image"
                },
                {
                    "language": "{eec5563c-a787-4375-8bdc-c59be9add213}",
                    "value": "未壓縮RAW圖像"
                }
            ]
        },
        {
            "properties": {
                "__categories": [
                ],
                "__groups": [
                ],
                "description": {
                    "enabled": true,
                    "type": "text",
                    "value": "",
                    "visible": true
                },
                "id": {
                    "enabled": true,
                    "type": "uuid",
                    "value": "{c6443a0f-0cd1-4559-b8c2-7afec2ec3b3f}",
                    "visible": true
                },
                "name": {
                    "enabled": true,
                    "type": "text",
                    "value": "DrawPaletteCompressed",
                    "visible": true
                },
                "path": {
                    "enabled": true,
                    "type": "text",
                    "value": "/",
                    "visible": true
                }
            },
            "values": [
                {
                    "language": "{ab2911a0-6560-42e5-8a99-60531e53035c}",
                    "value": "Press to draw palette compressed image from SQI"
                },
                {
                    "language": "{eec5563c-a787-4375-8bdc-c59be9add213}",
                    "value": "按此按鈕可重繪外部存儲的Palette壓縮圖像"
                }
            ]
        },
        {
            "properties": {
                "__categories": [
                ],
                "__groups": [
                ],
                "description": {
                    "enabled": true,
                    "type": "text",
                    "value": "",
                    "visible": true
                },
                "id": {
                    "enabled": true,
                    "type": "uuid",
                    "value": "{cb67c78c-c30e-4076-a045-b5b98164eb0e}",
                    "visible": true
                },
                "name": {
                    "enabled": true,
                    "type": "text",
                    "value": "TitleString",
                    "visible": true
                },
                "path": {
                    "enabled": true,
                    "type": "text",
                    "value": "/",
                    "visible": true
                }
            },
            "values": [
                {
                    "language": "{ab2911a0-6560-42e5-8a99-60531e53035c}",
                    "value": "Press the image to change the language\n and retrieve externally stored glyphs"
                },
                {
                    "language": "{eec5563c-a787-4375-8bdc-c59be9add213}",
                    "value": "按圖片更改語言並檢索外部存儲的字形"
                }
            ]
        },
        {
            "properties": {
                "__categories": [
                ],
                "__groups": [
                ],
                "description": {
                    "enabled": true,
                    "type": "text",
                    "value": "",
                    "visible": true
                },
                "id": {
                    "enabled": true,
                    "type": "uuid",
                    "value": "{f6962cc5-98b8-447c-882b-ebd6f1ce1ab5}",
                    "visible": true
                },
                "name": {
                    "enabled": true,
                    "type": "text",
                    "value": "DrawPNG",
                    "visible": true
                },
                "path": {
                    "enabled": true,
                    "type": "text",
                    "value": "/",
                    "visible": true
                }
            },
            "values": [
                {
                    "language": "{ab2911a0-6560-42e5-8a99-60531e53035c}",
                    "value": "Press this button to draw PNG compressed image from SQI"
                },
                {
                    "language": "{eec5563c-a787-4375-8bdc-c59be9add213}",
                    "value": "按此按鈕可重繪外部存儲的PNG壓縮圖像"
                }
            ]
        }
    ]
}
