{
    "hidden": false,
    "children": [{
        "hidden": false,
        "children": [
            {
                "hidden": false,
                "locked": true,
                "type": "ImageWidget",
                "properties": {
                    "HAlignment": {
                        "type": "TEXT",
                        "value": "Center"
                    },
                    "Scheme": {
                        "type": "SCHEME",
                        "value": ""
                    },
                    "AlphaAmount": {
                        "type": "INTEGER",
                        "value": 255
                    },
                    "Position": {
                        "X": {
                            "type": "INTEGER",
                            "value": 143
                        },
                        "Y": {
                            "type": "INTEGER",
                            "value": 67
                        }
                    },
                    "Size": {
                        "Height": {
                            "type": "INTEGER",
                            "value": 126
                        },
                        "Width": {
                            "type": "INTEGER",
                            "value": 180
                        }
                    },
                    "MarginRight": {
                        "type": "INTEGER",
                        "value": 4
                    },
                    "Enabled": {
                        "type": "BOOLEAN",
                        "value": true
                    },
                    "MarginTop": {
                        "type": "INTEGER",
                        "value": 4
                    },
                    "Image": {
                        "type": "IMAGE",
                        "value": "harmony_faded"
                    },
                    "Name": {
                        "type": "TEXT",
                        "value": "WatermarkImage"
                    },
                    "AlphaEnable": {
                        "type": "BOOLEAN",
                        "value": false
                    },
                    "VAlignment": {
                        "type": "TEXT",
                        "value": "Middle"
                    },
                    "BackgroundType": {
                        "type": "TEXT",
                        "value": "None"
                    },
                    "MarginBottom": {
                        "type": "INTEGER",
                        "value": 4
                    },
                    "Visible": {
                        "type": "BOOLEAN",
                        "value": true
                    },
                    "BorderType": {
                        "type": "TEXT",
                        "value": "None"
                    },
                    "MarginLeft": {
                        "type": "INTEGER",
                        "value": 4
                    }
                }
            },
            {
                "hidden": false,
                "locked": true,
                "type": "ImageWidget",
                "properties": {
                    "HAlignment": {
                        "type": "TEXT",
                        "value": "Center"
                    },
                    "Scheme": {
                        "type": "SCHEME",
                        "value": ""
                    },
                    "AlphaAmount": {
                        "type": "INTEGER",
                        "value": 255
                    },
                    "Position": {
                        "X": {
                            "type": "INTEGER",
                            "value": 11
                        },
                        "Y": {
                            "type": "INTEGER",
                            "value": 11
                        }
                    },
                    "Size": {
                        "Height": {
                            "type": "INTEGER",
                            "value": 32
                        },
                        "Width": {
                            "type": "INTEGER",
                            "value": 32
                        }
                    },
                    "MarginRight": {
                        "type": "INTEGER",
                        "value": 4
                    },
                    "Enabled": {
                        "type": "BOOLEAN",
                        "value": true
                    },
                    "MarginTop": {
                        "type": "INTEGER",
                        "value": 4
                    },
                    "Image": {
                        "type": "IMAGE",
                        "value": "mchpLogo"
                    },
                    "Name": {
                        "type": "TEXT",
                        "value": "LogoImage"
                    },
                    "AlphaEnable": {
                        "type": "BOOLEAN",
                        "value": false
                    },
                    "VAlignment": {
                        "type": "TEXT",
                        "value": "Middle"
                    },
                    "BackgroundType": {
                        "type": "TEXT",
                        "value": "None"
                    },
                    "MarginBottom": {
                        "type": "INTEGER",
                        "value": 4
                    },
                    "Visible": {
                        "type": "BOOLEAN",
                        "value": true
                    },
                    "BorderType": {
                        "type": "TEXT",
                        "value": "None"
                    },
                    "MarginLeft": {
                        "type": "INTEGER",
                        "value": 4
                    }
                }
            },
            {
                "hidden": false,
                "children": [{
                    "hidden": false,
                    "locked": false,
                    "type": "PanelWidget",
                    "properties": {
                        "HAlignment": {
                            "type": "TEXT",
                            "value": "Center"
                        },
                        "Scheme": {
                            "type": "SCHEME",
                            "value": "defaultScheme"
                        },
                        "AlphaAmount": {
                            "type": "INTEGER",
                            "value": 255
                        },
                        "Position": {
                            "X": {
                                "type": "INTEGER",
                                "value": -54
                            },
                            "Y": {
                                "type": "INTEGER",
                                "value": -14
                            }
                        },
                        "Size": {
                            "Height": {
                                "type": "INTEGER",
                                "value": 100
                            },
                            "Width": {
                                "type": "INTEGER",
                                "value": 100
                            }
                        },
                        "MarginRight": {
                            "type": "INTEGER",
                            "value": 4
                        },
                        "Enabled": {
                            "type": "BOOLEAN",
                            "value": true
                        },
                        "MarginTop": {
                            "type": "INTEGER",
                            "value": 4
                        },
                        "Name": {
                            "type": "TEXT",
                            "value": "PanelWidget0"
                        },
                        "AlphaEnable": {
                            "type": "BOOLEAN",
                            "value": false
                        },
                        "VAlignment": {
                            "type": "TEXT",
                            "value": "Middle"
                        },
                        "BackgroundType": {
                            "type": "TEXT",
                            "value": "Fill"
                        },
                        "MarginBottom": {
                            "type": "INTEGER",
                            "value": 4
                        },
                        "Visible": {
                            "type": "BOOLEAN",
                            "value": true
                        },
                        "BorderType": {
                            "type": "TEXT",
                            "value": "None"
                        },
                        "MarginLeft": {
                            "type": "INTEGER",
                            "value": 4
                        }
                    }
                }],
                "locked": true,
                "type": "LabelWidget",
                "properties": {
                    "HAlignment": {
                        "type": "TEXT",
                        "value": "Left"
                    },
                    "Scheme": {
                        "type": "SCHEME",
                        "value": "defaultScheme"
                    },
                    "AlphaAmount": {
                        "type": "INTEGER",
                        "value": 255
                    },
                    "Position": {
                        "X": {
                            "type": "INTEGER",
                            "value": 53
                        },
                        "Y": {
                            "type": "INTEGER",
                            "value": 14
                        }
                    },
                    "Size": {
                        "Height": {
                            "type": "INTEGER",
                            "value": 25
                        },
                        "Width": {
                            "type": "INTEGER",
                            "value": 305
                        }
                    },
                    "MarginRight": {
                        "type": "INTEGER",
                        "value": 4
                    },
                    "Enabled": {
                        "type": "BOOLEAN",
                        "value": true
                    },
                    "MarginTop": {
                        "type": "INTEGER",
                        "value": 4
                    },
                    "Name": {
                        "type": "TEXT",
                        "value": "TitleLabel"
                    },
                    "AlphaEnable": {
                        "type": "BOOLEAN",
                        "value": false
                    },
                    "VAlignment": {
                        "type": "TEXT",
                        "value": "Middle"
                    },
                    "BackgroundType": {
                        "type": "TEXT",
                        "value": "None"
                    },
                    "StringID": {
                        "type": "STRING",
                        "value": "Title"
                    },
                    "MarginBottom": {
                        "type": "INTEGER",
                        "value": 4
                    },
                    "Visible": {
                        "type": "BOOLEAN",
                        "value": true
                    },
                    "BorderType": {
                        "type": "TEXT",
                        "value": "None"
                    },
                    "MarginLeft": {
                        "type": "INTEGER",
                        "value": 4
                    }
                }
            },
            {
                "hidden": false,
                "children": [
                    {
                        "hidden": false,
                        "locked": false,
                        "type": "LabelWidget",
                        "properties": {
                            "HAlignment": {
                                "type": "TEXT",
                                "value": "Left"
                            },
                            "Scheme": {
                                "type": "SCHEME",
                                "value": "defaultScheme"
                            },
                            "AlphaAmount": {
                                "type": "INTEGER",
                                "value": 255
                            },
                            "Position": {
                                "X": {
                                    "type": "INTEGER",
                                    "value": 0
                                },
                                "Y": {
                                    "type": "INTEGER",
                                    "value": 0
                                }
                            },
                            "Size": {
                                "Height": {
                                    "type": "INTEGER",
                                    "value": 25
                                },
                                "Width": {
                                    "type": "INTEGER",
                                    "value": 316
                                }
                            },
                            "MarginRight": {
                                "type": "INTEGER",
                                "value": 4
                            },
                            "Enabled": {
                                "type": "BOOLEAN",
                                "value": true
                            },
                            "MarginTop": {
                                "type": "INTEGER",
                                "value": 4
                            },
                            "Name": {
                                "type": "TEXT",
                                "value": "SelectMediumLabel"
                            },
                            "AlphaEnable": {
                                "type": "BOOLEAN",
                                "value": false
                            },
                            "VAlignment": {
                                "type": "TEXT",
                                "value": "Middle"
                            },
                            "BackgroundType": {
                                "type": "TEXT",
                                "value": "None"
                            },
                            "StringID": {
                                "type": "STRING",
                                "value": "SelectSource"
                            },
                            "MarginBottom": {
                                "type": "INTEGER",
                                "value": 4
                            },
                            "Visible": {
                                "type": "BOOLEAN",
                                "value": true
                            },
                            "BorderType": {
                                "type": "TEXT",
                                "value": "None"
                            },
                            "MarginLeft": {
                                "type": "INTEGER",
                                "value": 4
                            }
                        }
                    },
                    {
                        "hidden": false,
                        "locked": false,
                        "type": "ButtonWidget",
                        "properties": {
                            "HAlignment": {
                                "type": "TEXT",
                                "value": "Center"
                            },
                            "Pressed": {
                                "type": "BOOLEAN",
                                "value": false
                            },
                            "Scheme": {
                                "type": "SCHEME",
                                "value": "defaultScheme"
                            },
                            "ImageMargin": {
                                "type": "INTEGER",
                                "value": 10
                            },
                            "Size": {
                                "Height": {
                                    "type": "INTEGER",
                                    "value": 120
                                },
                                "Width": {
                                    "type": "INTEGER",
                                    "value": 120
                                }
                            },
                            "Toggleable": {
                                "type": "BOOLEAN",
                                "value": false
                            },
                            "MarginTop": {
                                "type": "INTEGER",
                                "value": 4
                            },
                            "Name": {
                                "type": "TEXT",
                                "value": "SDCardButton"
                            },
                            "AlphaEnable": {
                                "type": "BOOLEAN",
                                "value": false
                            },
                            "PressedEvent": {
                                "type": "BOOLEAN",
                                "value": false
                            },
                            "VAlignment": {
                                "type": "TEXT",
                                "value": "Middle"
                            },
                            "PressedImage": {
                                "type": "IMAGE",
                                "value": "sdcard_sm"
                            },
                            "PressedOffset": {
                                "type": "INTEGER",
                                "value": 1
                            },
                            "StringID": {
                                "type": "STRING",
                                "value": "SDCard"
                            },
                            "MarginBottom": {
                                "type": "INTEGER",
                                "value": 4
                            },
                            "Visible": {
                                "type": "BOOLEAN",
                                "value": false
                            },
                            "AlphaAmount": {
                                "type": "INTEGER",
                                "value": 255
                            },
                            "Position": {
                                "X": {
                                    "type": "INTEGER",
                                    "value": 19
                                },
                                "Y": {
                                    "type": "INTEGER",
                                    "value": 21
                                }
                            },
                            "ImagePosition": {
                                "type": "TEXT",
                                "value": "Above"
                            },
                            "MarginRight": {
                                "type": "INTEGER",
                                "value": 4
                            },
                            "Enabled": {
                                "type": "BOOLEAN",
                                "value": true
                            },
                            "ReleasedEvent": {
                                "type": "BOOLEAN",
                                "value": false
                            },
                            "BackgroundType": {
                                "type": "TEXT",
                                "value": "Fill"
                            },
                            "ReleasedImage": {
                                "type": "IMAGE",
                                "value": "sdcard_sm"
                            },
                            "BorderType": {
                                "type": "TEXT",
                                "value": "Bevel"
                            },
                            "MarginLeft": {
                                "type": "INTEGER",
                                "value": 4
                            }
                        },
                        "events": {
                            "ReleasedEvent": {
                                "mode": "GENERATE",
                                "pretty_name": "Released",
                                "name": "ReleasedEvent",
                                "enabled": "false"
                            },
                            "PressedEvent": {
                                "mode": "GENERATE",
                                "pretty_name": "Pressed",
                                "name": "PressedEvent",
                                "enabled": "false"
                            }
                        }
                    },
                    {
                        "hidden": false,
                        "locked": false,
                        "type": "ButtonWidget",
                        "properties": {
                            "HAlignment": {
                                "type": "TEXT",
                                "value": "Center"
                            },
                            "Pressed": {
                                "type": "BOOLEAN",
                                "value": false
                            },
                            "Scheme": {
                                "type": "SCHEME",
                                "value": "defaultScheme"
                            },
                            "ImageMargin": {
                                "type": "INTEGER",
                                "value": 10
                            },
                            "Size": {
                                "Height": {
                                    "type": "INTEGER",
                                    "value": 108
                                },
                                "Width": {
                                    "type": "INTEGER",
                                    "value": 120
                                }
                            },
                            "Toggleable": {
                                "type": "BOOLEAN",
                                "value": false
                            },
                            "MarginTop": {
                                "type": "INTEGER",
                                "value": 4
                            },
                            "Name": {
                                "type": "TEXT",
                                "value": "USBButton"
                            },
                            "AlphaEnable": {
                                "type": "BOOLEAN",
                                "value": false
                            },
                            "PressedEvent": {
                                "type": "BOOLEAN",
                                "value": false
                            },
                            "VAlignment": {
                                "type": "TEXT",
                                "value": "Middle"
                            },
                            "PressedImage": {
                                "type": "IMAGE",
                                "value": "usb_icon_sm"
                            },
                            "PressedOffset": {
                                "type": "INTEGER",
                                "value": 1
                            },
                            "StringID": {
                                "type": "STRING",
                                "value": "USB"
                            },
                            "MarginBottom": {
                                "type": "INTEGER",
                                "value": 4
                            },
                            "Visible": {
                                "type": "BOOLEAN",
                                "value": false
                            },
                            "AlphaAmount": {
                                "type": "INTEGER",
                                "value": 255
                            },
                            "Position": {
                                "X": {
                                    "type": "INTEGER",
                                    "value": 165
                                },
                                "Y": {
                                    "type": "INTEGER",
                                    "value": 21
                                }
                            },
                            "ImagePosition": {
                                "type": "TEXT",
                                "value": "Above"
                            },
                            "MarginRight": {
                                "type": "INTEGER",
                                "value": 4
                            },
                            "Enabled": {
                                "type": "BOOLEAN",
                                "value": true
                            },
                            "ReleasedEvent": {
                                "type": "BOOLEAN",
                                "value": false
                            },
                            "BackgroundType": {
                                "type": "TEXT",
                                "value": "Fill"
                            },
                            "ReleasedImage": {
                                "type": "IMAGE",
                                "value": "usb_icon_sm"
                            },
                            "BorderType": {
                                "type": "TEXT",
                                "value": "Bevel"
                            },
                            "MarginLeft": {
                                "type": "INTEGER",
                                "value": 4
                            }
                        },
                        "events": {
                            "ReleasedEvent": {
                                "mode": "GENERATE",
                                "pretty_name": "Released",
                                "name": "ReleasedEvent",
                                "enabled": "false"
                            },
                            "PressedEvent": {
                                "mode": "GENERATE",
                                "pretty_name": "Pressed",
                                "name": "PressedEvent",
                                "enabled": "false"
                            }
                        }
                    },
                    {
                        "hidden": false,
                        "children": [
                            {
                                "hidden": false,
                                "locked": false,
                                "type": "LabelWidget",
                                "properties": {
                                    "HAlignment": {
                                        "type": "TEXT",
                                        "value": "Left"
                                    },
                                    "Scheme": {
                                        "type": "SCHEME",
                                        "value": "defaultScheme"
                                    },
                                    "AlphaAmount": {
                                        "type": "INTEGER",
                                        "value": 255
                                    },
                                    "Position": {
                                        "X": {
                                            "type": "INTEGER",
                                            "value": 6
                                        },
                                        "Y": {
                                            "type": "INTEGER",
                                            "value": 28
                                        }
                                    },
                                    "Size": {
                                        "Height": {
                                            "type": "INTEGER",
                                            "value": 25
                                        },
                                        "Width": {
                                            "type": "INTEGER",
                                            "value": 288
                                        }
                                    },
                                    "MarginRight": {
                                        "type": "INTEGER",
                                        "value": 4
                                    },
                                    "Enabled": {
                                        "type": "BOOLEAN",
                                        "value": true
                                    },
                                    "MarginTop": {
                                        "type": "INTEGER",
                                        "value": 4
                                    },
                                    "Name": {
                                        "type": "TEXT",
                                        "value": "NoMediumLabel2"
                                    },
                                    "AlphaEnable": {
                                        "type": "BOOLEAN",
                                        "value": false
                                    },
                                    "VAlignment": {
                                        "type": "TEXT",
                                        "value": "Middle"
                                    },
                                    "BackgroundType": {
                                        "type": "TEXT",
                                        "value": "None"
                                    },
                                    "StringID": {
                                        "type": "STRING",
                                        "value": "NoValidMedium2"
                                    },
                                    "MarginBottom": {
                                        "type": "INTEGER",
                                        "value": 4
                                    },
                                    "Visible": {
                                        "type": "BOOLEAN",
                                        "value": true
                                    },
                                    "BorderType": {
                                        "type": "TEXT",
                                        "value": "None"
                                    },
                                    "MarginLeft": {
                                        "type": "INTEGER",
                                        "value": 4
                                    }
                                }
                            },
                            {
                                "hidden": false,
                                "locked": false,
                                "type": "LabelWidget",
                                "properties": {
                                    "HAlignment": {
                                        "type": "TEXT",
                                        "value": "Left"
                                    },
                                    "Scheme": {
                                        "type": "SCHEME",
                                        "value": "defaultScheme"
                                    },
                                    "AlphaAmount": {
                                        "type": "INTEGER",
                                        "value": 255
                                    },
                                    "Position": {
                                        "X": {
                                            "type": "INTEGER",
                                            "value": 33
                                        },
                                        "Y": {
                                            "type": "INTEGER",
                                            "value": 2
                                        }
                                    },
                                    "Size": {
                                        "Height": {
                                            "type": "INTEGER",
                                            "value": 25
                                        },
                                        "Width": {
                                            "type": "INTEGER",
                                            "value": 240
                                        }
                                    },
                                    "MarginRight": {
                                        "type": "INTEGER",
                                        "value": 4
                                    },
                                    "Enabled": {
                                        "type": "BOOLEAN",
                                        "value": true
                                    },
                                    "MarginTop": {
                                        "type": "INTEGER",
                                        "value": 4
                                    },
                                    "Name": {
                                        "type": "TEXT",
                                        "value": "NoMediumLabel1"
                                    },
                                    "AlphaEnable": {
                                        "type": "BOOLEAN",
                                        "value": false
                                    },
                                    "VAlignment": {
                                        "type": "TEXT",
                                        "value": "Middle"
                                    },
                                    "BackgroundType": {
                                        "type": "TEXT",
                                        "value": "None"
                                    },
                                    "StringID": {
                                        "type": "STRING",
                                        "value": "NoValidMedium"
                                    },
                                    "MarginBottom": {
                                        "type": "INTEGER",
                                        "value": 4
                                    },
                                    "Visible": {
                                        "type": "BOOLEAN",
                                        "value": true
                                    },
                                    "BorderType": {
                                        "type": "TEXT",
                                        "value": "None"
                                    },
                                    "MarginLeft": {
                                        "type": "INTEGER",
                                        "value": 4
                                    }
                                }
                            }
                        ],
                        "locked": false,
                        "type": "PanelWidget",
                        "properties": {
                            "HAlignment": {
                                "type": "TEXT",
                                "value": "Center"
                            },
                            "Scheme": {
                                "type": "SCHEME",
                                "value": ""
                            },
                            "AlphaAmount": {
                                "type": "INTEGER",
                                "value": 255
                            },
                            "Position": {
                                "X": {
                                    "type": "INTEGER",
                                    "value": 77
                                },
                                "Y": {
                                    "type": "INTEGER",
                                    "value": 134
                                }
                            },
                            "Size": {
                                "Height": {
                                    "type": "INTEGER",
                                    "value": 57
                                },
                                "Width": {
                                    "type": "INTEGER",
                                    "value": 304
                                }
                            },
                            "MarginRight": {
                                "type": "INTEGER",
                                "value": 4
                            },
                            "Enabled": {
                                "type": "BOOLEAN",
                                "value": true
                            },
                            "MarginTop": {
                                "type": "INTEGER",
                                "value": 4
                            },
                            "Name": {
                                "type": "TEXT",
                                "value": "ErrorMsgPanel"
                            },
                            "AlphaEnable": {
                                "type": "BOOLEAN",
                                "value": false
                            },
                            "VAlignment": {
                                "type": "TEXT",
                                "value": "Middle"
                            },
                            "BackgroundType": {
                                "type": "TEXT",
                                "value": "None"
                            },
                            "MarginBottom": {
                                "type": "INTEGER",
                                "value": 4
                            },
                            "Visible": {
                                "type": "BOOLEAN",
                                "value": true
                            },
                            "BorderType": {
                                "type": "TEXT",
                                "value": "None"
                            },
                            "MarginLeft": {
                                "type": "INTEGER",
                                "value": 4
                            }
                        }
                    }
                ],
                "locked": true,
                "type": "PanelWidget",
                "properties": {
                    "HAlignment": {
                        "type": "TEXT",
                        "value": "Center"
                    },
                    "Scheme": {
                        "type": "SCHEME",
                        "value": ""
                    },
                    "AlphaAmount": {
                        "type": "INTEGER",
                        "value": 255
                    },
                    "Position": {
                        "X": {
                            "type": "INTEGER",
                            "value": 11
                        },
                        "Y": {
                            "type": "INTEGER",
                            "value": 51
                        }
                    },
                    "Size": {
                        "Height": {
                            "type": "INTEGER",
                            "value": 212
                        },
                        "Width": {
                            "type": "INTEGER",
                            "value": 460
                        }
                    },
                    "MarginRight": {
                        "type": "INTEGER",
                        "value": 4
                    },
                    "Enabled": {
                        "type": "BOOLEAN",
                        "value": true
                    },
                    "MarginTop": {
                        "type": "INTEGER",
                        "value": 4
                    },
                    "Name": {
                        "type": "TEXT",
                        "value": "SelectMediumPanel"
                    },
                    "AlphaEnable": {
                        "type": "BOOLEAN",
                        "value": false
                    },
                    "VAlignment": {
                        "type": "TEXT",
                        "value": "Middle"
                    },
                    "BackgroundType": {
                        "type": "TEXT",
                        "value": "None"
                    },
                    "MarginBottom": {
                        "type": "INTEGER",
                        "value": 4
                    },
                    "Visible": {
                        "type": "BOOLEAN",
                        "value": true
                    },
                    "BorderType": {
                        "type": "TEXT",
                        "value": "None"
                    },
                    "MarginLeft": {
                        "type": "INTEGER",
                        "value": 4
                    }
                }
            },
            {
                "hidden": false,
                "children": [
                    {
                        "hidden": false,
                        "locked": false,
                        "type": "LabelWidget",
                        "properties": {
                            "HAlignment": {
                                "type": "TEXT",
                                "value": "Left"
                            },
                            "Scheme": {
                                "type": "SCHEME",
                                "value": "defaultScheme"
                            },
                            "AlphaAmount": {
                                "type": "INTEGER",
                                "value": 255
                            },
                            "Position": {
                                "X": {
                                    "type": "INTEGER",
                                    "value": -2
                                },
                                "Y": {
                                    "type": "INTEGER",
                                    "value": 0
                                }
                            },
                            "Size": {
                                "Height": {
                                    "type": "INTEGER",
                                    "value": 25
                                },
                                "Width": {
                                    "type": "INTEGER",
                                    "value": 443
                                }
                            },
                            "MarginRight": {
                                "type": "INTEGER",
                                "value": 4
                            },
                            "Enabled": {
                                "type": "BOOLEAN",
                                "value": true
                            },
                            "MarginTop": {
                                "type": "INTEGER",
                                "value": 4
                            },
                            "Name": {
                                "type": "TEXT",
                                "value": "InfoLabel1"
                            },
                            "AlphaEnable": {
                                "type": "BOOLEAN",
                                "value": false
                            },
                            "VAlignment": {
                                "type": "TEXT",
                                "value": "Middle"
                            },
                            "BackgroundType": {
                                "type": "TEXT",
                                "value": "None"
                            },
                            "StringID": {
                                "type": "STRING",
                                "value": "FileNotFound1"
                            },
                            "MarginBottom": {
                                "type": "INTEGER",
                                "value": 4
                            },
                            "Visible": {
                                "type": "BOOLEAN",
                                "value": true
                            },
                            "BorderType": {
                                "type": "TEXT",
                                "value": "None"
                            },
                            "MarginLeft": {
                                "type": "INTEGER",
                                "value": 4
                            }
                        }
                    },
                    {
                        "hidden": false,
                        "locked": false,
                        "type": "LabelWidget",
                        "properties": {
                            "HAlignment": {
                                "type": "TEXT",
                                "value": "Left"
                            },
                            "Scheme": {
                                "type": "SCHEME",
                                "value": "defaultScheme"
                            },
                            "AlphaAmount": {
                                "type": "INTEGER",
                                "value": 255
                            },
                            "Position": {
                                "X": {
                                    "type": "INTEGER",
                                    "value": 0
                                },
                                "Y": {
                                    "type": "INTEGER",
                                    "value": 25
                                }
                            },
                            "Size": {
                                "Height": {
                                    "type": "INTEGER",
                                    "value": 25
                                },
                                "Width": {
                                    "type": "INTEGER",
                                    "value": 134
                                }
                            },
                            "MarginRight": {
                                "type": "INTEGER",
                                "value": 4
                            },
                            "Enabled": {
                                "type": "BOOLEAN",
                                "value": true
                            },
                            "MarginTop": {
                                "type": "INTEGER",
                                "value": 4
                            },
                            "Name": {
                                "type": "TEXT",
                                "value": "InfoLabel2"
                            },
                            "AlphaEnable": {
                                "type": "BOOLEAN",
                                "value": false
                            },
                            "VAlignment": {
                                "type": "TEXT",
                                "value": "Middle"
                            },
                            "BackgroundType": {
                                "type": "TEXT",
                                "value": "None"
                            },
                            "StringID": {
                                "type": "STRING",
                                "value": "FileNotFound2"
                            },
                            "MarginBottom": {
                                "type": "INTEGER",
                                "value": 4
                            },
                            "Visible": {
                                "type": "BOOLEAN",
                                "value": true
                            },
                            "BorderType": {
                                "type": "TEXT",
                                "value": "None"
                            },
                            "MarginLeft": {
                                "type": "INTEGER",
                                "value": 4
                            }
                        }
                    },
                    {
                        "hidden": false,
                        "locked": false,
                        "type": "ButtonWidget",
                        "properties": {
                            "HAlignment": {
                                "type": "TEXT",
                                "value": "Center"
                            },
                            "Pressed": {
                                "type": "BOOLEAN",
                                "value": false
                            },
                            "Scheme": {
                                "type": "SCHEME",
                                "value": "defaultScheme"
                            },
                            "ImageMargin": {
                                "type": "INTEGER",
                                "value": 10
                            },
                            "Size": {
                                "Height": {
                                    "type": "INTEGER",
                                    "value": 44
                                },
                                "Width": {
                                    "type": "INTEGER",
                                    "value": 120
                                }
                            },
                            "Toggleable": {
                                "type": "BOOLEAN",
                                "value": false
                            },
                            "MarginTop": {
                                "type": "INTEGER",
                                "value": 4
                            },
                            "Name": {
                                "type": "TEXT",
                                "value": "InfoOKButton"
                            },
                            "AlphaEnable": {
                                "type": "BOOLEAN",
                                "value": false
                            },
                            "PressedEvent": {
                                "type": "BOOLEAN",
                                "value": false
                            },
                            "VAlignment": {
                                "type": "TEXT",
                                "value": "Middle"
                            },
                            "PressedImage": {
                                "type": "IMAGE",
                                "value": ""
                            },
                            "PressedOffset": {
                                "type": "INTEGER",
                                "value": 1
                            },
                            "StringID": {
                                "type": "STRING",
                                "value": "Ok"
                            },
                            "MarginBottom": {
                                "type": "INTEGER",
                                "value": 4
                            },
                            "Visible": {
                                "type": "BOOLEAN",
                                "value": true
                            },
                            "AlphaAmount": {
                                "type": "INTEGER",
                                "value": 255
                            },
                            "Position": {
                                "X": {
                                    "type": "INTEGER",
                                    "value": 170
                                },
                                "Y": {
                                    "type": "INTEGER",
                                    "value": 158
                                }
                            },
                            "ImagePosition": {
                                "type": "TEXT",
                                "value": "LeftOf"
                            },
                            "MarginRight": {
                                "type": "INTEGER",
                                "value": 4
                            },
                            "Enabled": {
                                "type": "BOOLEAN",
                                "value": true
                            },
                            "ReleasedEvent": {
                                "type": "BOOLEAN",
                                "value": false
                            },
                            "BackgroundType": {
                                "type": "TEXT",
                                "value": "Fill"
                            },
                            "ReleasedImage": {
                                "type": "IMAGE",
                                "value": ""
                            },
                            "BorderType": {
                                "type": "TEXT",
                                "value": "Bevel"
                            },
                            "MarginLeft": {
                                "type": "INTEGER",
                                "value": 4
                            }
                        },
                        "events": {
                            "ReleasedEvent": {
                                "mode": "GENERATE",
                                "pretty_name": "Released",
                                "name": "ReleasedEvent",
                                "enabled": "false"
                            },
                            "PressedEvent": {
                                "mode": "GENERATE",
                                "pretty_name": "Pressed",
                                "name": "PressedEvent",
                                "enabled": "false"
                            }
                        }
                    }
                ],
                "locked": true,
                "type": "PanelWidget",
                "properties": {
                    "HAlignment": {
                        "type": "TEXT",
                        "value": "Center"
                    },
                    "Scheme": {
                        "type": "SCHEME",
                        "value": ""
                    },
                    "AlphaAmount": {
                        "type": "INTEGER",
                        "value": 255
                    },
                    "Position": {
                        "X": {
                            "type": "INTEGER",
                            "value": 11
                        },
                        "Y": {
                            "type": "INTEGER",
                            "value": 51
                        }
                    },
                    "Size": {
                        "Height": {
                            "type": "INTEGER",
                            "value": 210
                        },
                        "Width": {
                            "type": "INTEGER",
                            "value": 459
                        }
                    },
                    "MarginRight": {
                        "type": "INTEGER",
                        "value": 4
                    },
                    "Enabled": {
                        "type": "BOOLEAN",
                        "value": true
                    },
                    "MarginTop": {
                        "type": "INTEGER",
                        "value": 4
                    },
                    "Name": {
                        "type": "TEXT",
                        "value": "InfoPanel"
                    },
                    "AlphaEnable": {
                        "type": "BOOLEAN",
                        "value": false
                    },
                    "VAlignment": {
                        "type": "TEXT",
                        "value": "Middle"
                    },
                    "BackgroundType": {
                        "type": "TEXT",
                        "value": "None"
                    },
                    "MarginBottom": {
                        "type": "INTEGER",
                        "value": 4
                    },
                    "Visible": {
                        "type": "BOOLEAN",
                        "value": false
                    },
                    "BorderType": {
                        "type": "TEXT",
                        "value": "None"
                    },
                    "MarginLeft": {
                        "type": "INTEGER",
                        "value": 4
                    }
                }
            },
            {
                "hidden": false,
                "children": [
                    {
                        "hidden": false,
                        "locked": false,
                        "type": "ProgressBarWidget",
                        "properties": {
                            "HAlignment": {
                                "type": "TEXT",
                                "value": "Center"
                            },
                            "Scheme": {
                                "type": "SCHEME",
                                "value": "ProgressScheme"
                            },
                            "AlphaAmount": {
                                "type": "INTEGER",
                                "value": 255
                            },
                            "Position": {
                                "X": {
                                    "type": "INTEGER",
                                    "value": 2
                                },
                                "Y": {
                                    "type": "INTEGER",
                                    "value": 30
                                }
                            },
                            "Size": {
                                "Height": {
                                    "type": "INTEGER",
                                    "value": 25
                                },
                                "Width": {
                                    "type": "INTEGER",
                                    "value": 460
                                }
                            },
                            "MarginRight": {
                                "type": "INTEGER",
                                "value": 4
                            },
                            "Enabled": {
                                "type": "BOOLEAN",
                                "value": true
                            },
                            "MarginTop": {
                                "type": "INTEGER",
                                "value": 4
                            },
                            "Direction": {
                                "type": "TEXT",
                                "value": "Right"
                            },
                            "Name": {
                                "type": "TEXT",
                                "value": "FlashingProgressBar"
                            },
                            "AlphaEnable": {
                                "type": "BOOLEAN",
                                "value": false
                            },
                            "VAlignment": {
                                "type": "TEXT",
                                "value": "Middle"
                            },
                            "BackgroundType": {
                                "type": "TEXT",
                                "value": "Fill"
                            },
                            "MarginBottom": {
                                "type": "INTEGER",
                                "value": 4
                            },
                            "Visible": {
                                "type": "BOOLEAN",
                                "value": true
                            },
                            "Value": {
                                "type": "INTEGER",
                                "value": 0
                            },
                            "ValueChangedEvent": {
                                "type": "BOOLEAN",
                                "value": false
                            },
                            "BorderType": {
                                "type": "TEXT",
                                "value": "Bevel"
                            },
                            "MarginLeft": {
                                "type": "INTEGER",
                                "value": 4
                            }
                        },
                        "events": {"ValueChangedEvent": {
                            "mode": "GENERATE",
                            "pretty_name": "Value Changed",
                            "name": "ValueChangedEvent",
                            "enabled": "false"
                        }}
                    },
                    {
                        "hidden": false,
                        "locked": false,
                        "type": "LabelWidget",
                        "properties": {
                            "HAlignment": {
                                "type": "TEXT",
                                "value": "Left"
                            },
                            "Scheme": {
                                "type": "SCHEME",
                                "value": "defaultScheme"
                            },
                            "AlphaAmount": {
                                "type": "INTEGER",
                                "value": 255
                            },
                            "Position": {
                                "X": {
                                    "type": "INTEGER",
                                    "value": 1
                                },
                                "Y": {
                                    "type": "INTEGER",
                                    "value": 1
                                }
                            },
                            "Size": {
                                "Height": {
                                    "type": "INTEGER",
                                    "value": 25
                                },
                                "Width": {
                                    "type": "INTEGER",
                                    "value": 460
                                }
                            },
                            "MarginRight": {
                                "type": "INTEGER",
                                "value": 4
                            },
                            "Enabled": {
                                "type": "BOOLEAN",
                                "value": true
                            },
                            "MarginTop": {
                                "type": "INTEGER",
                                "value": 4
                            },
                            "Name": {
                                "type": "TEXT",
                                "value": "FlashingLabel"
                            },
                            "AlphaEnable": {
                                "type": "BOOLEAN",
                                "value": false
                            },
                            "VAlignment": {
                                "type": "TEXT",
                                "value": "Middle"
                            },
                            "BackgroundType": {
                                "type": "TEXT",
                                "value": "None"
                            },
                            "StringID": {
                                "type": "STRING",
                                "value": "Flashing"
                            },
                            "MarginBottom": {
                                "type": "INTEGER",
                                "value": 4
                            },
                            "Visible": {
                                "type": "BOOLEAN",
                                "value": true
                            },
                            "BorderType": {
                                "type": "TEXT",
                                "value": "None"
                            },
                            "MarginLeft": {
                                "type": "INTEGER",
                                "value": 4
                            }
                        }
                    },
                    {
                        "hidden": false,
                        "locked": false,
                        "type": "LabelWidget",
                        "properties": {
                            "HAlignment": {
                                "type": "TEXT",
                                "value": "Right"
                            },
                            "Scheme": {
                                "type": "SCHEME",
                                "value": "defaultScheme"
                            },
                            "AlphaAmount": {
                                "type": "INTEGER",
                                "value": 255
                            },
                            "Position": {
                                "X": {
                                    "type": "INTEGER",
                                    "value": 382
                                },
                                "Y": {
                                    "type": "INTEGER",
                                    "value": 0
                                }
                            },
                            "Size": {
                                "Height": {
                                    "type": "INTEGER",
                                    "value": 25
                                },
                                "Width": {
                                    "type": "INTEGER",
                                    "value": 80
                                }
                            },
                            "MarginRight": {
                                "type": "INTEGER",
                                "value": 4
                            },
                            "Enabled": {
                                "type": "BOOLEAN",
                                "value": true
                            },
                            "MarginTop": {
                                "type": "INTEGER",
                                "value": 4
                            },
                            "Name": {
                                "type": "TEXT",
                                "value": "RecordsTotalLabel"
                            },
                            "AlphaEnable": {
                                "type": "BOOLEAN",
                                "value": false
                            },
                            "VAlignment": {
                                "type": "TEXT",
                                "value": "Middle"
                            },
                            "BackgroundType": {
                                "type": "TEXT",
                                "value": "None"
                            },
                            "StringID": {
                                "type": "STRING",
                                "value": "stringNumberFiller"
                            },
                            "MarginBottom": {
                                "type": "INTEGER",
                                "value": 4
                            },
                            "Visible": {
                                "type": "BOOLEAN",
                                "value": false
                            },
                            "BorderType": {
                                "type": "TEXT",
                                "value": "None"
                            },
                            "MarginLeft": {
                                "type": "INTEGER",
                                "value": 4
                            }
                        }
                    },
                    {
                        "hidden": false,
                        "locked": false,
                        "type": "LabelWidget",
                        "properties": {
                            "HAlignment": {
                                "type": "TEXT",
                                "value": "Left"
                            },
                            "Scheme": {
                                "type": "SCHEME",
                                "value": "defaultScheme"
                            },
                            "AlphaAmount": {
                                "type": "INTEGER",
                                "value": 255
                            },
                            "Position": {
                                "X": {
                                    "type": "INTEGER",
                                    "value": 360
                                },
                                "Y": {
                                    "type": "INTEGER",
                                    "value": 0
                                }
                            },
                            "Size": {
                                "Height": {
                                    "type": "INTEGER",
                                    "value": 25
                                },
                                "Width": {
                                    "type": "INTEGER",
                                    "value": 24
                                }
                            },
                            "MarginRight": {
                                "type": "INTEGER",
                                "value": 4
                            },
                            "Enabled": {
                                "type": "BOOLEAN",
                                "value": true
                            },
                            "MarginTop": {
                                "type": "INTEGER",
                                "value": 4
                            },
                            "Name": {
                                "type": "TEXT",
                                "value": "OfLabel"
                            },
                            "AlphaEnable": {
                                "type": "BOOLEAN",
                                "value": false
                            },
                            "VAlignment": {
                                "type": "TEXT",
                                "value": "Middle"
                            },
                            "BackgroundType": {
                                "type": "TEXT",
                                "value": "None"
                            },
                            "StringID": {
                                "type": "STRING",
                                "value": "Of"
                            },
                            "MarginBottom": {
                                "type": "INTEGER",
                                "value": 4
                            },
                            "Visible": {
                                "type": "BOOLEAN",
                                "value": false
                            },
                            "BorderType": {
                                "type": "TEXT",
                                "value": "None"
                            },
                            "MarginLeft": {
                                "type": "INTEGER",
                                "value": 4
                            }
                        }
                    },
                    {
                        "hidden": false,
                        "locked": false,
                        "type": "LabelWidget",
                        "properties": {
                            "HAlignment": {
                                "type": "TEXT",
                                "value": "Right"
                            },
                            "Scheme": {
                                "type": "SCHEME",
                                "value": "defaultScheme"
                            },
                            "AlphaAmount": {
                                "type": "INTEGER",
                                "value": 255
                            },
                            "Position": {
                                "X": {
                                    "type": "INTEGER",
                                    "value": 278
                                },
                                "Y": {
                                    "type": "INTEGER",
                                    "value": 0
                                }
                            },
                            "Size": {
                                "Height": {
                                    "type": "INTEGER",
                                    "value": 25
                                },
                                "Width": {
                                    "type": "INTEGER",
                                    "value": 80
                                }
                            },
                            "MarginRight": {
                                "type": "INTEGER",
                                "value": 4
                            },
                            "Enabled": {
                                "type": "BOOLEAN",
                                "value": true
                            },
                            "MarginTop": {
                                "type": "INTEGER",
                                "value": 4
                            },
                            "Name": {
                                "type": "TEXT",
                                "value": "CurrentRecordLabel"
                            },
                            "AlphaEnable": {
                                "type": "BOOLEAN",
                                "value": false
                            },
                            "VAlignment": {
                                "type": "TEXT",
                                "value": "Middle"
                            },
                            "BackgroundType": {
                                "type": "TEXT",
                                "value": "None"
                            },
                            "StringID": {
                                "type": "STRING",
                                "value": "stringNumberFiller"
                            },
                            "MarginBottom": {
                                "type": "INTEGER",
                                "value": 4
                            },
                            "Visible": {
                                "type": "BOOLEAN",
                                "value": false
                            },
                            "BorderType": {
                                "type": "TEXT",
                                "value": "None"
                            },
                            "MarginLeft": {
                                "type": "INTEGER",
                                "value": 4
                            }
                        }
                    }
                ],
                "locked": true,
                "type": "PanelWidget",
                "properties": {
                    "HAlignment": {
                        "type": "TEXT",
                        "value": "Center"
                    },
                    "Scheme": {
                        "type": "SCHEME",
                        "value": ""
                    },
                    "AlphaAmount": {
                        "type": "INTEGER",
                        "value": 255
                    },
                    "Position": {
                        "X": {
                            "type": "INTEGER",
                            "value": 9
                        },
                        "Y": {
                            "type": "INTEGER",
                            "value": 196
                        }
                    },
                    "Size": {
                        "Height": {
                            "type": "INTEGER",
                            "value": 64
                        },
                        "Width": {
                            "type": "INTEGER",
                            "value": 461
                        }
                    },
                    "MarginRight": {
                        "type": "INTEGER",
                        "value": 4
                    },
                    "Enabled": {
                        "type": "BOOLEAN",
                        "value": true
                    },
                    "MarginTop": {
                        "type": "INTEGER",
                        "value": 4
                    },
                    "Name": {
                        "type": "TEXT",
                        "value": "FlashingPanel"
                    },
                    "AlphaEnable": {
                        "type": "BOOLEAN",
                        "value": false
                    },
                    "VAlignment": {
                        "type": "TEXT",
                        "value": "Middle"
                    },
                    "BackgroundType": {
                        "type": "TEXT",
                        "value": "None"
                    },
                    "MarginBottom": {
                        "type": "INTEGER",
                        "value": 4
                    },
                    "Visible": {
                        "type": "BOOLEAN",
                        "value": false
                    },
                    "BorderType": {
                        "type": "TEXT",
                        "value": "None"
                    },
                    "MarginLeft": {
                        "type": "INTEGER",
                        "value": 4
                    }
                }
            }
        ],
        "locked": false,
        "type": "Layer",
        "properties": {
            "AlphaAmount": {
                "type": "INTEGER",
                "value": 255
            },
            "Visible": {
                "type": "BOOLEAN",
                "value": true
            },
            "Name": {
                "type": "TEXT",
                "value": "Layer0"
            },
            "AlphaEnable": {
                "type": "BOOLEAN",
                "value": false
            }
        }
    }],
    "locked": false,
    "properties": {
        "Active": {
            "type": "BOOLEAN",
            "value": true
        },
        "CreateAtStartup": {
            "type": "BOOLEAN",
            "value": false
        },
        "Primary": {
            "type": "BOOLEAN",
            "value": true
        },
        "Visible": {
            "type": "BOOLEAN",
            "value": true
        },
        "Export": {
            "type": "BOOLEAN",
            "value": true
        },
        "Persistent": {
            "type": "BOOLEAN",
            "value": false
        },
        "HideEvent": {
            "type": "BOOLEAN",
            "value": false
        },
        "Name": {
            "type": "TEXT",
            "value": "default"
        },
        "ShowEvent": {
            "type": "BOOLEAN",
            "value": false
        },
        "UpdateEvent": {
            "type": "BOOLEAN",
            "value": false
        }
    },
    "events": {
        "HideEvent": {
            "mode": "GENERATE",
            "pretty_name": "On Hide",
            "name": "HideEvent",
            "enabled": "false"
        },
        "ShowEvent": {
            "mode": "GENERATE",
            "pretty_name": "On Show",
            "name": "ShowEvent",
            "enabled": "false"
        },
        "UpdateEvent": {
            "mode": "GENERATE",
            "pretty_name": "On Update",
            "name": "UpdateEvent",
            "enabled": "false"
        }
    }
}