{
    "images": [
        {
            "id": "{ae2dcfa0-3ce4-42a3-8ae7-52206e0fe734}",
            "name": "mchpLogo_light",
            "type": "RGB"
        },
        {
            "id": "{d1fb82ca-96c3-4eeb-8cb8-72b84a4cab83}",
            "name": "QuickstartDown_WQVGA",
            "type": "RGB"
        },
        {
            "id": "{48a0f443-b111-4fe7-88e4-d5739b5bde0e}",
            "name": "QuickstartUp_WQVGA",
            "type": "RGB"
        },
        {
            "id": "{e00a47f4-4541-4a85-a30c-c60c2ee6b1b6}",
            "name": "MHGS_logo_smaller",
            "type": "RGB"
        }
    ],
    "paths": [
    ]
}
