{
    "sourceFileName": "MHGS_logo_WVGA.bmp",
    "sourceFileFormat": "Raw",
    "folder": "/",
    "sourceFileWidth": 320,
    "sourceFileHeight": 300,
    "imageType": "Raw",
    "properties": {
        "OutputSize": {
            "Height": {
                "type": "INTEGER",
                "value": 300
            },
            "Width": {
                "type": "INTEGER",
                "value": 320
            }
        },
        "OutputMode": {
            "type": "TEXT",
            "value": "RGB_888"
        },
        "ImportSize": {
            "Height": {
                "type": "INTEGER",
                "value": 300
            },
            "Width": {
                "type": "INTEGER",
                "value": 320
            }
        },
        "OutputFormat": {
            "type": "TEXT",
            "value": "Raw"
        },
        "MaskColor": {
            "Red": {
                "type": "FLOAT",
                "value": 0
            },
            "Gray": {
                "type": "FLOAT",
                "value": 0
            },
            "OutputMode": {
                "type": "TEXT",
                "value": "RGB_888"
            },
            "Blue": {
                "type": "FLOAT",
                "value": 0
            },
            "Alpha": {
                "type": "FLOAT",
                "value": 1
            },
            "type": "COLOR",
            "Green": {
                "type": "FLOAT",
                "value": 0
            }
        },
        "GeneratePalette": {
            "type": "BOOLEAN",
            "value": false
        },
        "BitsPerPixel": {
            "type": "INTEGER",
            "value": 3
        },
        "UniquePixelCount": {
            "type": "INTEGER",
            "value": 574
        },
        "MemoryLocation": {
            "type": "MEMORY_LOC",
            "value": "Internal Flash"
        },
        "SizeBytes": {
            "type": "INTEGER",
            "value": 288000
        },
        "MaskEnable": {
            "type": "BOOLEAN",
            "value": false
        },
        "Name": {
            "type": "TEXT",
            "value": "MHGS_logo_WVGA"
        }
    }
}