{
    "properties": {
        "__categories": [
            {
                "expanded": true,
                "id": "imageProperties",
                "visible": true
            }
        ],
        "__groups": [
        ],
        "id": {
            "enabled": true,
            "type": "uuid",
            "value": "{a9d48380-210b-4d9f-897f-c95dad1811e1}",
            "visible": true
        },
        "memoryLocation": {
            "enabled": true,
            "type": "memorylocation",
            "value": "{f3f67e66-1956-40ea-af6a-5ee5f70d91f2}",
            "visible": true
        },
        "name": {
            "enabled": true,
            "type": "text",
            "value": "",
            "visible": true
        },
        "originalType": {
            "enabled": true,
            "type": "integer",
            "value": 0,
            "visible": true
        },
        "outputFormat": {
            "enabled": true,
            "type": "combo",
            "value": 0,
            "visible": true
        },
        "outputHeight": {
            "enabled": false,
            "type": "integer",
            "value": 28,
            "visible": true
        },
        "outputName": {
            "enabled": true,
            "type": "text",
            "value": "mchpLogo_small",
            "visible": true
        },
        "outputWidth": {
            "enabled": false,
            "type": "integer",
            "value": 120,
            "visible": true
        },
        "sourceBPP": {
            "enabled": false,
            "type": "integer",
            "value": 24,
            "visible": true
        },
        "sourceFormat": {
            "enabled": false,
            "type": "text",
            "value": "bmp",
            "visible": true
        },
        "sourceHeight": {
            "enabled": false,
            "type": "integer",
            "value": 28,
            "visible": true
        },
        "sourceName": {
            "enabled": false,
            "type": "text",
            "value": "mchpLogo_small",
            "visible": true
        },
        "sourceSize": {
            "enabled": false,
            "type": "integer",
            "value": 10134,
            "visible": true
        },
        "sourceWidth": {
            "enabled": false,
            "type": "integer",
            "value": 120,
            "visible": true
        }
    }
}
